ФИО,Год_поступления,Форма_обучения,Средний_балл_аттестата,Общий_балл,Специальность,Регион,математика,русский/белорусский язык,иностранный язык,физика,биология,химия,история,общество
Светозар Богданович Прохоров,2025,Бюджет,8.7,342,Информационные системы и технологии,Брестская,73,60,61,84,56,89,82,75
Карп Ильич Овчинников,2022,Платное,7.2,328,Менеджмент,Минск,61,56,85,82,75,89,66,63
Ефим Венедиктович Волков,2023,Целевое,8.7,344,Психология,Могилевская,59,63,94,73,80,83,72,76
Копылов Спартак Власович,2024,Платное,6.6,317,Информационные системы и технологии,Минск,67,65,85,90,76,67,61,69
Илья Ефремович Марков,2023,Целевое,8.1,341,Искусственный интеллект,Минская,61,79,74,57,72,95,73,86
Наина Викторовна Новикова,2021,Платное,8.3,346,Искусственный интеллект,Гомельская,81,63,63,67,93,84,86,60
Валерия Георгиевна Стрелкова,2025,Бюджет,7.3,345,Фармация,Витебская,84,89,62,94,73,56,89,87
Ларионова Раиса Рубеновна,2024,Целевое,8.1,334,Фармация,Гомельская,86,57,55,83,65,84,82,61
Николаев Эраст Харлампьевич,2024,Бюджет,8.8,367,Психология,Гомельская,93,88,69,61,76,92,94,73
Пелагея Ждановна Мартынова,2021,Платное,7.5,322,Менеджмент,Гродненская,69,65,81,60,63,59,71,95
Гусева Нина Олеговна,2022,Бюджет,7.8,321,Менеджмент,Витебская,69,55,55,81,73,61,89,60
тов. Ларионов Ювеналий Жоресович,2023,Бюджет,7.3,314,Экономика,Гродненская,78,69,81,56,59,82,55,63
Гремислав Евстигнеевич Морозов,2023,Бюджет,8.8,346,Менеджмент,Минск,72,70,57,80,86,92,57,73
Полякова Екатерина Степановна,2023,Целевое,8.6,347,Психология,Брестская,91,65,76,59,94,74,62,75
Валерий Васильевич Наумов,2025,Платное,7.5,331,Финансы и кредит,Гродненская,60,70,70,95,57,81,80,69
Василиса Ивановна Соловьева,2021,Платное,9.0,340,Психология,Брестская,80,76,70,65,89,59,81,67
Андроник Игоревич Рожков,2025,Целевое,8.0,351,Стоматология,Витебская,89,80,87,82,92,86,90,56
Яков Вилорович Власов,2024,Целевое,8.3,354,Экономика,Минская,95,81,88,66,69,76,76,88
Любовь Робертовна Назарова,2025,Бюджет,7.2,326,Международные отношения,Витебская,91,85,75,76,68,78,74,64
Фокина Евдокия Святославовна,2021,Бюджет,7.9,317,Международные отношения,Минская,65,71,76,64,62,71,81,81
Никифор Фролович Гущин,2025,Платное,6.7,335,Психология,Гродненская,77,66,90,79,57,84,94,79
Рюрик Исидорович Осипов,2023,Платное,7.2,340,Бухгалтерский учет,Гродненская,55,89,64,90,79,82,56,89
Клавдия Филипповна Дроздова,2024,Целевое,6.9,335,Фармация,Могилевская,89,92,80,71,64,69,70,85
Фомин Данила Эдуардович,2023,Бюджет,6.6,320,Информационные системы и технологии,Брестская,60,60,91,70,62,75,78,85
Назарова Алина Борисовна,2025,Платное,7.5,323,Менеджмент,Гомельская,66,76,62,62,74,93,79,74
Гурий Фомич Кузьмин,2024,Бюджет,8.9,352,Менеджмент,Брестская,75,83,88,70,85,64,58,90
Журавлев Никита Устинович,2024,Платное,7.1,334,Психология,Гродненская,87,85,61,62,89,69,87,62
Устинов Ярослав Жоресович,2024,Целевое,7.4,344,Бухгалтерский учет,Брестская,90,59,80,68,85,77,95,71
Блинова Зинаида Захаровна,2022,Целевое,8.8,355,Бухгалтерский учет,Брестская,67,71,77,82,92,82,93,55
Тарас Тимурович Воробьев,2024,Целевое,7.8,345,Фармация,Минск,85,69,56,90,91,62,56,86
Милен Бориславович Гусев,2024,Бюджет,8.0,337,Бухгалтерский учет,Витебская,62,83,65,87,59,55,87,60
Демид Брониславович Романов,2021,Целевое,6.9,346,Информационные системы и технологии,Витебская,84,60,95,60,91,67,86,91
Потап Терентьевич Осипов,2022,Целевое,7.3,354,Международные отношения,Могилевская,79,58,92,72,82,95,94,78
Евпраксия Андреевна Филиппова,2024,Платное,7.6,338,Психология,Брестская,86,88,82,88,68,69,64,63
Милан Тарасович Блинов,2022,Целевое,8.7,349,Искусственный интеллект,Гродненская,82,65,89,65,65,84,59,89
Никита Харитонович Туров,2022,Бюджет,9.0,339,Психология,Гомельская,68,68,85,56,70,62,85,79
Григорьев Чеслав Харламович,2025,Бюджет,7.8,354,Информационные системы и технологии,Могилевская,72,77,74,73,94,93,89,65
Большакова Вера Сергеевна,2025,Платное,8.3,323,Стоматология,Минск,70,57,82,71,87,64,65,63
Анжела Ждановна Данилова,2025,Бюджет,8.9,354,Бухгалтерский учет,Витебская,56,66,75,64,76,89,94,82
г-н Пестов Мирон Германович,2021,Платное,7.0,335,Стоматология,Витебская,92,68,75,69,66,64,86,87
Кабанова Полина Архиповна,2025,Бюджет,7.6,349,Менеджмент,Витебская,81,95,72,83,57,87,91,74
Ия Кузьминична Наумова,2022,Бюджет,6.8,336,Искусственный интеллект,Минск,89,68,67,80,57,56,95,84
Ираида Геннадьевна Шарова,2025,Бюджет,7.2,322,Экономика,Витебская,83,61,70,79,64,77,88,57
Полина Петровна Рогова,2025,Платное,8.8,343,Стоматология,Минская,69,79,90,79,82,61,83,72
Антонина Болеславовна Лукина,2025,Платное,7.0,336,Психология,Брестская,93,71,83,79,66,83,90,70
Буров Самсон Гаврилович,2021,Целевое,8.3,336,Международные отношения,Гомельская,63,57,81,73,60,84,67,88
Тамара Тимуровна Меркушева,2021,Платное,6.5,289,Международные отношения,Витебская,73,69,56,68,73,63,78,59
Медведев Гордей Германович,2021,Бюджет,8.5,325,Стоматология,Брестская,69,56,86,59,67,65,69,85
Кулагина Елена Романовна,2022,Целевое,7.5,341,Психология,Брестская,90,82,84,74,59,92,71,71
Панова Агафья Андреевна,2025,Целевое,7.6,348,Психология,Брестская,72,74,91,83,94,87,65,64
Воронцова Зоя Натановна,2021,Целевое,7.0,333,Финансы и кредит,Гродненская,75,91,83,78,81,89,77,58
Кондратьев Лучезар Федосеевич,2021,Бюджет,7.4,339,Экономика,Гродненская,86,61,85,91,88,69,78,83
Анисимов Порфирий Теймуразович,2022,Бюджет,7.3,328,Международные отношения,Гродненская,86,69,73,92,61,74,76,77
Ильин Тит Артёмович,2022,Бюджет,8.3,332,Менеджмент,Гродненская,65,94,69,86,65,68,67,58
Василий Марсович Виноградов,2024,Платное,8.9,365,Искусственный интеллект,Брестская,67,95,90,65,91,90,67,59
Аскольд Матвеевич Артемьев,2024,Платное,7.3,333,Искусственный интеллект,Гомельская,73,56,83,95,82,60,64,81
Глафира Кузьминична Авдеева,2023,Целевое,7.6,344,Информационные системы и технологии,Минск,91,74,79,85,82,66,66,92
Нифонт Бенедиктович Дьячков,2024,Целевое,6.5,336,Фармация,Могилевская,84,95,62,83,81,89,87,69
Владимирова Алина Болеславовна,2025,Целевое,7.6,333,Финансы и кредит,Гродненская,73,80,94,67,67,55,76,83
Милица Рубеновна Комиссарова,2025,Бюджет,7.6,343,Психология,Брестская,89,70,85,79,79,93,80,71
Калинин Варфоломей Тарасович,2025,Платное,8.1,353,Международные отношения,Минск,88,87,79,94,65,82,90,57
Владимирова Елена Алексеевна,2022,Целевое,8.6,336,Финансы и кредит,Брестская,55,90,85,75,57,64,68,56
Белоусов Юлиан Викторович,2021,Бюджет,7.1,347,Психология,Минская,84,86,83,72,94,88,68,94
Лебедева Лариса Филипповна,2022,Бюджет,7.2,307,Стоматология,Могилевская,80,76,57,69,75,61,79,70
Веселова Наина Борисовна,2022,Целевое,6.5,326,Менеджмент,Гомельская,90,65,72,62,90,64,81,77
Ефремова Феврония Кузьминична,2023,Бюджет,8.4,348,Бухгалтерский учет,Могилевская,59,71,59,76,71,82,91,91
Жуков Мокей Августович,2021,Платное,8.3,354,Международные отношения,Могилевская,86,86,83,60,89,89,93,61
Виктория Егоровна Федотова,2022,Платное,7.2,336,Стоматология,Минская,58,94,55,84,56,58,68,86
Колобова Людмила Дмитриевна,2025,Целевое,7.8,352,Экономика,Брестская,80,89,80,58,70,91,76,94
Анастасия Владимировна Бобылева,2024,Платное,7.3,330,Экономика,Гродненская,58,73,78,76,86,63,88,83
Голубев Богдан Артурович,2023,Целевое,8.0,337,Менеджмент,Минск,69,91,79,75,59,76,70,87
Лукина Анжела Робертовна,2021,Целевое,7.1,338,Искусственный интеллект,Брестская,94,83,74,64,58,80,84,89
Щукина Екатерина Петровна,2025,Платное,7.0,349,Финансы и кредит,Минск,93,72,67,85,81,92,68,94
Сергей Даниилович Кулагин,2021,Платное,7.7,330,Информационные системы и технологии,Минск,70,77,81,64,72,85,87,70
Евдоким Давыдович Исаев,2021,Целевое,7.2,328,Финансы и кредит,Минск,84,87,62,85,84,57,72,74
тов. Суханов Евграф Юлианович,2023,Бюджет,8.8,352,Бухгалтерский учет,Гомельская,92,82,64,69,83,85,84,87
Аполлон Устинович Осипов,2025,Платное,7.0,332,Информационные системы и технологии,Минск,79,95,56,80,70,87,76,63
Семенова Кира Юрьевна,2024,Бюджет,7.1,330,Стоматология,Минская,79,94,69,55,81,84,57,58
Прокл Валерьянович Наумов,2021,Платное,8.6,346,Психология,Минск,90,80,82,57,81,56,88,80
Леонтий Игнатьевич Терентьев,2023,Целевое,6.9,337,Информационные системы и технологии,Витебская,88,89,73,76,57,79,91,57
Ермакова Наина Яковлевна,2022,Бюджет,8.7,344,Экономика,Минская,85,60,61,90,68,80,71,82
Нина Степановна Герасимова,2023,Бюджет,8.8,348,Психология,Брестская,82,70,93,75,75,74,61,85
Афанасьева Ксения Аркадьевна,2022,Платное,6.7,339,Фармация,Минск,65,81,92,87,93,64,75,85
Вячеслав Валерьевич Терентьев,2024,Платное,7.8,324,Стоматология,Гомельская,66,73,83,64,70,65,83,80
Зайцев Филимон Борисович,2025,Платное,8.9,348,Международные отношения,Минск,62,91,83,85,78,83,80,66
Кира Владимировна Полякова,2025,Платное,8.8,350,Международные отношения,Минск,86,86,66,63,90,67,86,64
Савелий Гавриилович Тихонов,2025,Платное,8.8,333,Бухгалтерский учет,Брестская,69,64,60,77,58,86,82,60
Самсонов Анисим Давыдович,2021,Целевое,7.0,328,Бухгалтерский учет,Могилевская,72,75,77,94,80,84,73,65
Гурий Бориславович Галкин,2023,Бюджет,6.9,347,Менеджмент,Минская,76,84,94,95,67,63,65,89
Никитин Соломон Антипович,2021,Бюджет,7.1,336,Информационные системы и технологии,Минская,91,77,91,77,81,81,83,78
Нифонт Гордеевич Панфилов,2022,Бюджет,8.9,354,Информационные системы и технологии,Гродненская,66,91,78,71,87,68,61,87
Васильева Вера Робертовна,2021,Бюджет,8.7,356,Стоматология,Могилевская,80,56,95,89,82,57,59,85
Марина Владиславовна Казакова,2025,Бюджет,7.6,337,Менеджмент,Могилевская,70,78,79,89,70,72,93,59
Ильин Геннадий Анисимович,2024,Бюджет,6.9,319,Менеджмент,Гомельская,67,92,79,69,79,74,72,79
Дроздова Анастасия Архиповна,2024,Целевое,7.6,332,Искусственный интеллект,Минск,73,83,79,63,59,87,82,86
Иванна Наумовна Зиновьева,2021,Платное,8.0,340,Экономика,Могилевская,59,70,64,66,86,88,86,56
Кондратьева Фёкла Макаровна,2025,Бюджет,8.3,342,Фармация,Минск,84,67,59,73,80,86,83,89
Тарасов Валентин Денисович,2023,Целевое,8.4,360,Искусственный интеллект,Гомельская,93,56,94,63,86,84,63,89
Богданова Дарья Юрьевна,2021,Целевое,8.1,344,Международные отношения,Витебская,84,60,80,57,55,94,80,85
Горшкова Ангелина Геннадиевна,2022,Бюджет,8.0,335,Международные отношения,Брестская,77,83,88,83,78,74,82,84
Радован Артурович Самсонов,2022,Целевое,8.8,350,Экономика,Брестская,72,78,87,67,67,56,81,94
Любовь Натановна Лихачева,2024,Платное,7.1,327,Финансы и кредит,Гродненская,66,73,83,91,62,70,82,59
Панова Раиса Валериевна,2024,Целевое,7.8,313,Международные отношения,Могилевская,66,68,75,78,61,65,67,82
Агата Наумовна Мамонтова,2024,Бюджет,6.9,333,Психология,Брестская,91,73,88,72,71,71,85,80
Павел Феоктистович Дементьев,2025,Бюджет,8.0,330,Стоматология,Брестская,74,82,81,63,77,69,87,77
Фадеев Никифор Егорович,2025,Целевое,7.5,325,Психология,Гомельская,87,56,72,74,89,68,60,60
Евстигней Ефстафьевич Тимофеев,2023,Бюджет,8.5,345,Экономика,Витебская,66,85,57,87,88,70,82,59
Дьячкова Прасковья Архиповна,2022,Целевое,8.8,353,Информационные системы и технологии,Гродненская,84,65,71,91,58,72,90,84
Сила Фокич Фомин,2022,Бюджет,7.7,339,Экономика,Гомельская,61,75,77,64,91,78,93,71
Власов Сильвестр Аксёнович,2023,Целевое,7.2,353,Менеджмент,Гомельская,95,94,92,75,62,92,74,60
Станимир Яковлевич Якушев,2023,Бюджет,8.8,345,Финансы и кредит,Витебская,71,72,87,71,76,76,59,94
Лукин Валерий Тарасович,2025,Целевое,7.4,320,Бухгалтерский учет,Могилевская,55,59,69,68,84,77,85,74
Кононова Любовь Леоновна,2024,Платное,6.6,331,Финансы и кредит,Гомельская,86,65,90,83,63,89,70,58
Екатерина Рудольфовна Егорова,2023,Бюджет,7.4,330,Стоматология,Минская,58,79,89,85,65,82,80,67
Тихонов Лазарь Бориславович,2025,Целевое,6.9,308,Психология,Гомельская,64,87,64,68,67,80,72,65
Руслан Артемьевич Абрамов,2025,Платное,6.9,313,Финансы и кредит,Витебская,57,67,63,78,71,61,60,95
Веселов Доброслав Адамович,2023,Целевое,6.6,325,Стоматология,Гродненская,65,64,81,92,63,86,62,68
Потап Ефстафьевич Крылов,2024,Бюджет,7.3,293,Экономика,Гомельская,68,67,71,57,70,79,59,70
Гаврилов Наркис Дорофеевич,2023,Бюджет,8.5,330,Финансы и кредит,Витебская,74,81,90,68,74,65,72,59
Устин Ануфриевич Аксенов,2025,Бюджет,8.0,344,Бухгалтерский учет,Гомельская,68,91,81,68,84,86,76,87
Турова Агафья Антоновна,2024,Целевое,8.4,330,Финансы и кредит,Минская,72,77,86,58,77,83,62,59
Жукова Прасковья Семеновна,2021,Целевое,8.8,365,Финансы и кредит,Брестская,78,83,94,64,56,64,88,95
Аркадий Викторович Макаров,2021,Бюджет,7.6,343,Информационные системы и технологии,Гомельская,83,63,94,60,86,72,87,78
Ювеналий Тимурович Суворов,2022,Платное,8.5,310,Информационные системы и технологии,Витебская,64,78,59,66,69,59,78,60
Миронова Элеонора Архиповна,2021,Платное,7.9,321,Информационные системы и технологии,Гродненская,69,85,59,59,55,75,65,82
Евсеева Евгения Артемовна,2025,Бюджет,8.6,350,Фармация,Могилевская,92,74,59,94,56,72,70,78
Агафья Павловна Третьякова,2024,Бюджет,8.0,334,Стоматология,Витебская,63,62,94,63,73,87,68,57
Антонов Клавдий Харлампьевич,2021,Бюджет,8.7,348,Финансы и кредит,Гродненская,95,56,82,82,58,79,80,84
г-жа Королева Ульяна Рубеновна,2021,Бюджет,7.0,316,Экономика,Могилевская,55,61,85,58,69,86,55,75
Синклитикия Юльевна Вишнякова,2024,Бюджет,7.2,352,Искусственный интеллект,Витебская,92,61,56,94,78,61,59,94
Таисия Оскаровна Стрелкова,2023,Целевое,8.8,332,Информационные системы и технологии,Минская,80,86,62,78,72,68,65,63
Прасковья Александровна Быкова,2025,Бюджет,7.0,335,Экономика,Витебская,65,55,66,81,93,66,91,68
Панфилов Евстигней Августович,2023,Платное,7.0,340,Психология,Брестская,61,90,66,91,71,76,60,89
Рябова Марфа Оскаровна,2023,Платное,6.8,345,Стоматология,Гомельская,83,91,94,92,64,80,66,77
Марфа Богдановна Самсонова,2025,Платное,7.6,354,Финансы и кредит,Минская,66,59,74,95,93,90,83,56
Дроздова Нина Максимовна,2024,Бюджет,7.4,340,Менеджмент,Гродненская,72,76,87,66,84,55,95,82
Эрнст Фомич Бирюков,2025,Платное,8.3,359,Стоматология,Минская,82,87,89,61,94,57,62,93
Анисим Матвеевич Лобанов,2021,Платное,7.1,343,Бухгалтерский учет,Могилевская,93,73,93,58,86,85,76,73
Блинов Всеслав Анатольевич,2024,Бюджет,8.5,364,Искусственный интеллект,Минск,92,66,88,82,89,93,94,83
Калашникова Виктория Макаровна,2022,Целевое,8.9,351,Экономика,Гродненская,60,83,75,66,69,68,84,95
Алла Владиславовна Жукова,2021,Бюджет,8.7,359,Финансы и кредит,Могилевская,95,90,58,87,62,56,79,85
Агафья Филипповна Гордеева,2022,Платное,8.6,355,Международные отношения,Могилевская,61,63,65,81,80,59,94,94
Ольга Архиповна Богданова,2021,Платное,8.4,315,Стоматология,Минск,59,68,59,57,77,80,74,59
тов. Белозеров Ипатий Демьянович,2021,Платное,7.6,352,Стоматология,Могилевская,72,58,95,88,71,77,93,55
Петухова Любовь Ильинична,2021,Бюджет,7.2,351,Фармация,Гомельская,78,84,87,71,67,91,95,93
Кузнецов Мина Евстигнеевич,2023,Целевое,9.0,362,Международные отношения,Витебская,94,61,73,86,92,63,75,57
Елизар Евсеевич Суворов,2022,Платное,8.3,343,Менеджмент,Могилевская,88,67,69,84,82,63,71,88
Максимова Юлия Ждановна,2024,Бюджет,7.2,317,Стоматология,Гродненская,75,81,80,84,58,77,77,61
Зуева Дарья Юльевна,2021,Целевое,6.6,326,Искусственный интеллект,Гомельская,66,58,71,72,93,77,90,60
Лукия Святославовна Ефимова,2025,Бюджет,6.8,322,Психология,Витебская,82,73,64,90,64,71,82,60
Симонова София Мироновна,2023,Платное,7.0,327,Психология,Могилевская,72,82,85,90,65,70,60,74
Киселев Карп Гордеевич,2022,Бюджет,6.9,314,Стоматология,Гродненская,77,91,58,56,62,58,67,77
Гурий Зиновьевич Доронин,2024,Целевое,7.9,331,Международные отношения,Гомельская,79,60,62,73,65,94,59,79
Михайлов Аполлон Артурович,2024,Целевое,6.9,341,Международные отношения,Минская,61,93,93,79,58,63,86,66
Владилен Георгиевич Панфилов,2021,Платное,8.4,344,Искусственный интеллект,Гомельская,83,66,59,63,69,86,70,91
Фролов Ульян Антипович,2021,Платное,8.2,327,Бухгалтерский учет,Гомельская,77,80,55,64,55,83,82,62
Гедеон Федотович Блохин,2023,Бюджет,8.5,342,Искусственный интеллект,Минск,57,71,81,64,61,95,81,70
Всеслав Эдуардович Сысоев,2024,Целевое,8.9,331,Психология,Гродненская,65,80,75,72,66,66,87,74
Нонна Эльдаровна Комиссарова,2024,Целевое,7.3,312,Фармация,Могилевская,59,80,78,69,66,78,59,81
Голубев Наркис Харламович,2021,Бюджет,8.3,345,Психология,Минская,91,78,75,88,75,83,74,68
Зыкова Евдокия Ильинична,2023,Бюджет,6.9,333,Международные отношения,Гомельская,65,73,68,60,79,93,92,79
Власова Олимпиада Валентиновна,2021,Целевое,7.6,343,Стоматология,Брестская,84,58,60,78,59,85,88,94
Лаврентьев Сигизмунд Димитриевич,2021,Платное,8.6,347,Информационные системы и технологии,Гродненская,81,92,79,83,58,73,80,86
Никонов Милован Адамович,2024,Целевое,8.5,349,Международные отношения,Могилевская,78,81,57,62,90,57,93,70
Святослав Всеволодович Маслов,2025,Платное,7.4,320,Психология,Минская,56,55,72,89,85,69,70,72
Белоусова Нина Максимовна,2024,Платное,8.3,358,Психология,Гродненская,94,84,75,78,72,89,89,92
Владимиров Трофим Гертрудович,2021,Бюджет,8.5,340,Фармация,Минск,55,84,75,86,85,61,75,77
Филатов Лука Ефстафьевич,2025,Платное,7.0,330,Информационные системы и технологии,Могилевская,90,65,63,80,71,90,57,76
Гурьева Майя Олеговна,2025,Целевое,7.0,340,Международные отношения,Витебская,74,87,86,61,66,61,88,95
Христофор Тимурович Алексеев,2025,Платное,7.4,306,Фармация,Минская,62,73,68,66,85,73,55,74
Трифон Игнатьевич Авдеев,2023,Целевое,8.4,331,Фармация,Минская,87,61,58,78,66,82,72,69
Соловьев Тимофей Даниилович,2021,Бюджет,7.2,325,Бухгалтерский учет,Гродненская,83,76,55,76,94,59,62,63
Игнатьева Анжелика Александровна,2023,Платное,7.3,339,Экономика,Гродненская,80,86,69,76,55,55,93,87
Аггей Харлампьевич Ефимов,2021,Платное,8.0,308,Бухгалтерский учет,Могилевская,69,78,70,72,70,70,78,58
Лукия Владимировна Кулакова,2023,Бюджет,8.8,339,Бухгалтерский учет,Брестская,78,73,80,58,90,81,72,58
Емельянов Галактион Брониславович,2021,Целевое,9.0,344,Искусственный интеллект,Гомельская,74,80,81,60,79,60,93,80
Марина Ждановна Карпова,2021,Целевое,7.0,286,Экономика,Минская,55,57,58,60,65,63,69,82
Беспалов Орест Марсович,2022,Целевое,8.0,303,Менеджмент,Витебская,62,79,61,67,76,59,64,68
тов. Соловьев Кирилл Теймуразович,2021,Платное,7.1,310,Стоматология,Гомельская,71,84,56,55,58,58,84,55
Евгения Болеславовна Шилова,2025,Платное,7.9,354,Информационные системы и технологии,Брестская,93,90,68,80,58,85,92,57
Дмитриева Нинель Тимофеевна,2021,Бюджет,7.9,320,Международные отношения,Могилевская,75,55,71,73,67,93,67,73
Сильвестр Филимонович Мельников,2024,Целевое,7.5,320,Информационные системы и технологии,Брестская,72,67,91,80,74,63,74,63
Людмила Семеновна Захарова,2022,Бюджет,6.9,344,Международные отношения,Минская,93,85,91,55,57,91,90,64
Логинов Вячеслав Эдгардович,2022,Целевое,7.9,331,Финансы и кредит,Витебская,92,64,79,81,60,78,56,77
Олимпий Игнатович Новиков,2022,Бюджет,6.9,321,Информационные системы и технологии,Гомельская,66,61,85,59,83,84,81,69
Валерия Игоревна Никитина,2024,Целевое,7.8,350,Информационные системы и технологии,Минская,93,65,70,67,88,83,91,75
Силин Владимир Ермилович,2025,Платное,7.3,313,Менеджмент,Минск,64,70,64,68,80,90,59,66
Любим Феофанович Власов,2021,Бюджет,8.3,351,Фармация,Минская,94,89,85,61,61,59,74,71
Лыткина Фаина Харитоновна,2024,Бюджет,7.9,346,Бухгалтерский учет,Брестская,57,82,87,87,77,93,87,62
Рябова Фёкла Тимуровна,2022,Платное,7.1,334,Международные отношения,Витебская,79,57,84,94,69,81,77,85
Рюрик Чеславович Веселов,2023,Платное,8.2,331,Экономика,Минск,69,80,65,69,88,68,56,81
Пономарева Татьяна Федоровна,2022,Бюджет,8.9,362,Информационные системы и технологии,Брестская,89,68,89,69,64,75,72,95
Кир Тихонович Артемьев,2023,Бюджет,7.2,350,Международные отношения,Могилевская,95,65,86,77,93,56,75,90
Полякова Раиса Кирилловна,2021,Платное,7.0,307,Экономика,Гомельская,58,75,74,79,76,59,81,77
Прохорова Елена Тимуровна,2024,Платное,6.6,301,Стоматология,Гродненская,84,75,76,64,62,67,55,73
Агата Михайловна Коновалова,2025,Целевое,7.4,345,Международные отношения,Гродненская,75,67,95,62,68,95,56,81
Фомин Прокл Филиппович,2024,Целевое,8.7,343,Бухгалтерский учет,Гомельская,72,58,79,61,84,65,63,93
Ратибор Исидорович Мамонтов,2025,Целевое,8.9,335,Информационные системы и технологии,Витебская,79,60,72,78,87,77,80,69
Владислав Афанасьевич Марков,2021,Целевое,6.5,323,Искусственный интеллект,Витебская,93,74,60,65,88,75,77,57
Ольга Павловна Фадеева,2021,Платное,6.6,328,Менеджмент,Брестская,70,81,93,68,83,85,84,69
Полина Харитоновна Шарапова,2023,Бюджет,8.6,345,Бухгалтерский учет,Брестская,78,60,57,91,56,64,60,90
Ситников Арефий Юльевич,2025,Платное,7.5,330,Международные отношения,Минская,86,60,85,84,55,77,58,84
Воронцов Алексей Викторович,2024,Платное,6.5,339,Финансы и кредит,Могилевская,58,71,70,84,93,71,91,90
Шилова Юлия Тимофеевна,2022,Платное,8.3,345,Финансы и кредит,Минск,84,84,94,77,57,57,68,70
Прокл Трофимович Щукин,2023,Платное,7.7,313,Бухгалтерский учет,Минск,69,81,79,68,61,76,63,67
Данилова Ираида Геннадьевна,2023,Платное,8.0,357,Искусственный интеллект,Витебская,61,92,94,79,91,88,57,72
Олимпиада Львовна Давыдова,2021,Бюджет,6.7,329,Искусственный интеллект,Гродненская,89,79,76,63,88,58,62,85
Арсений Игнатович Аксенов,2021,Платное,8.0,338,Фармация,Витебская,85,77,90,80,65,61,75,83
Исаков Ефим Фомич,2025,Целевое,7.3,347,Искусственный интеллект,Гомельская,68,74,65,83,87,95,89,90
Белов Гостомысл Архипович,2023,Бюджет,8.6,341,Менеджмент,Брестская,78,65,69,84,68,88,71,83
Кошелев Владилен Авдеевич,2024,Платное,7.2,334,Менеджмент,Брестская,80,76,60,66,64,93,56,89
Шилова Кира Михайловна,2023,Целевое,8.9,371,Информационные системы и технологии,Минская,95,57,93,70,63,87,94,61
Арсений Федосеевич Фролов,2022,Платное,8.2,348,Психология,Минская,79,86,85,95,73,71,85,76
Селезнева Любовь Евгеньевна,2022,Бюджет,7.9,307,Финансы и кредит,Минская,82,71,65,62,69,75,64,65
Сысоев Парфен Гавриилович,2021,Бюджет,7.9,346,Стоматология,Гомельская,62,89,85,56,74,85,87,91
Остап Тихонович Рыбаков,2025,Бюджет,9.0,366,Фармация,Минская,87,63,81,95,73,66,72,94
Зуев Сила Владиленович,2021,Бюджет,7.1,319,Психология,Гомельская,66,83,69,58,74,69,91,74
Ираида Павловна Фомичева,2021,Платное,9.0,368,Фармация,Витебская,73,63,64,94,92,60,92,68
Наумов Бажен Анисимович,2022,Платное,8.9,347,Международные отношения,Гродненская,66,73,89,74,79,68,60,90
Ситникова Тамара Вениаминовна,2024,Целевое,8.4,339,Информационные системы и технологии,Гомельская,68,60,77,78,89,72,88,76
Терентьева Акулина Андреевна,2021,Целевое,7.9,325,Стоматология,Гродненская,67,82,61,63,77,81,78,83
Мефодий Георгиевич Трофимов,2021,Целевое,8.8,341,Психология,Брестская,81,74,63,66,91,79,81,63
Элеонора Аркадьевна Никитина,2024,Платное,7.1,334,Экономика,Витебская,61,68,69,67,70,94,91,78
Соломон Арсенович Захаров,2021,Платное,8.2,327,Экономика,Могилевская,69,62,88,55,74,62,83,68
Королев Юрий Анисимович,2024,Платное,7.5,321,Информационные системы и технологии,Могилевская,59,80,81,70,66,85,66,68
Казакова Валентина Васильевна,2021,Бюджет,7.5,324,Искусственный интеллект,Минская,78,92,76,76,67,60,77,79
Гуляев Фирс Яковлевич,2022,Целевое,6.7,320,Стоматология,Гомельская,82,81,69,55,80,74,58,90
Мария Станиславовна Шарапова,2023,Платное,7.5,322,Финансы и кредит,Гомельская,63,68,64,89,77,81,57,69
Тамара Георгиевна Тихонова,2022,Бюджет,8.1,332,Информационные системы и технологии,Гомельская,81,67,81,56,82,88,66,81
Мирон Анисимович Мартынов,2024,Бюджет,8.9,361,Финансы и кредит,Гомельская,61,90,94,87,69,80,63,88
Борислав Авдеевич Вишняков,2021,Целевое,8.3,345,Стоматология,Гродненская,86,81,64,61,79,61,86,90
Жданова Ия Петровна,2022,Бюджет,7.8,344,Международные отношения,Минск,64,91,60,73,64,94,60,81
Гаврилова Виктория Семеновна,2024,Бюджет,7.9,328,Психология,Витебская,62,77,80,66,55,92,58,70
Лидия Борисовна Яковлева,2023,Бюджет,7.7,326,Психология,Минск,85,72,67,71,91,71,73,55
Соболев Трифон Федосеевич,2023,Платное,8.6,343,Менеджмент,Минск,59,93,63,81,83,78,75,77
Алла Кузьминична Кудряшова,2023,Платное,6.7,329,Бухгалтерский учет,Могилевская,79,75,95,80,60,60,87,69
Филарет Тарасович Корнилов,2023,Бюджет,7.1,326,Искусственный интеллект,Гомельская,70,73,75,78,74,74,94,83
Дарья Аркадьевна Потапова,2024,Бюджет,7.9,334,Бухгалтерский учет,Гомельская,80,73,82,75,69,63,92,81
Якушева Надежда Аркадьевна,2021,Целевое,7.3,332,Бухгалтерский учет,Минская,56,70,86,82,91,65,75,65
Николай Валерианович Федотов,2025,Платное,7.0,326,Фармация,Минск,57,83,62,90,58,83,82,58
г-жа Зуева Нина Сергеевна,2024,Целевое,6.8,314,Фармация,Витебская,57,79,61,66,83,56,84,63
Карпова Светлана Робертовна,2021,Платное,8.2,329,Менеджмент,Гомельская,57,72,86,56,76,85,65,76
Спиридон Дорофеевич Фомин,2021,Платное,8.2,353,Международные отношения,Гомельская,80,58,84,61,92,57,95,79
Фомина Екатерина Федоровна,2021,Бюджет,7.9,319,Психология,Гродненская,65,75,84,64,81,68,65,72
Шилова Ия Васильевна,2021,Платное,8.2,353,Фармация,Витебская,71,83,67,67,95,88,68,88
Дроздов Филарет Антипович,2022,Платное,7.3,329,Искусственный интеллект,Гродненская,83,56,80,77,55,77,93,75
Валерия Леоновна Силина,2025,Платное,8.9,370,Международные отношения,Гомельская,70,84,93,93,95,92,89,90
Георгий Феодосьевич Медведев,2022,Платное,8.2,323,Психология,Гродненская,77,57,64,78,65,75,86,57
Оксана Ждановна Потапова,2025,Платное,8.9,371,Бухгалтерский учет,Могилевская,95,86,94,93,85,63,69,67
Эмилия Львовна Борисова,2021,Целевое,7.4,350,Стоматология,Гродненская,66,91,64,81,61,94,79,91
Ульяна Максимовна Волкова,2021,Бюджет,7.6,332,Психология,Витебская,76,80,71,70,55,84,56,92
Наталья Георгиевна Баранова,2024,Платное,7.1,307,Информационные системы и технологии,Могилевская,74,57,67,56,66,59,60,95
София Тимофеевна Мухина,2025,Бюджет,7.8,320,Экономика,Витебская,60,80,61,84,71,73,78,75
Елисей Терентьевич Игнатьев,2025,Платное,8.1,336,Бухгалтерский учет,Могилевская,73,64,69,68,72,95,57,87
Алина Анатольевна Логинова,2023,Бюджет,8.7,358,Бухгалтерский учет,Витебская,93,92,66,81,86,76,80,85
Попова Варвара Сергеевна,2021,Бюджет,8.5,341,Психология,Витебская,94,88,65,63,57,58,74,66
Евдоким Елизарович Морозов,2023,Платное,7.6,327,Искусственный интеллект,Могилевская,85,82,71,60,72,68,57,84
Панкрат Ярославович Титов,2023,Бюджет,8.4,311,Психология,Могилевская,60,68,57,72,64,85,70,61
Колесникова Елена Ильинична,2021,Бюджет,6.8,329,Психология,Гомельская,87,76,58,67,86,88,70,66
Фокина Акулина Семеновна,2025,Бюджет,6.5,344,Искусственный интеллект,Минск,83,94,92,92,69,93,56,90
Зиновий Евстигнеевич Воронцов,2022,Платное,8.6,319,Бухгалтерский учет,Гомельская,68,82,75,62,59,76,71,66
Велимир Валерьевич Красильников,2023,Платное,8.1,338,Финансы и кредит,Гродненская,94,57,65,62,64,78,85,60
Власова Юлия Архиповна,2023,Платное,7.2,319,Финансы и кредит,Минская,65,67,69,76,86,84,77,56
Суханов Кирилл Бориславович,2023,Целевое,7.9,305,Психология,Брестская,65,75,76,58,66,64,67,75
Ксения Макаровна Григорьева,2025,Бюджет,7.9,340,Искусственный интеллект,Могилевская,92,66,57,80,63,89,79,72
Ольга Аскольдовна Родионова,2021,Платное,8.0,355,Стоматология,Брестская,56,57,68,84,95,67,92,88
Лукия Романовна Маслова,2024,Бюджет,7.7,333,Стоматология,Минск,92,77,71,75,87,75,76,66
Дементий Ануфриевич Воронов,2024,Бюджет,7.4,344,Фармация,Минск,91,64,59,88,75,59,91,59
София Тимофеевна Архипова,2024,Целевое,8.8,352,Искусственный интеллект,Гомельская,58,65,81,90,84,60,88,86
Михей Бориславович Харитонов,2023,Бюджет,6.6,313,Экономика,Минск,75,57,89,74,68,83,68,62
Пантелеймон Афанасьевич Кузнецов,2023,Платное,7.4,338,Стоматология,Могилевская,66,68,56,81,94,83,87,78
Наркис Ефремович Поляков,2023,Платное,8.0,340,Искусственный интеллект,Гомельская,68,90,69,79,80,55,78,90
Фотий Ильясович Баранов,2022,Платное,8.7,364,Менеджмент,Гомельская,64,94,61,72,63,95,55,88
Панфилова Людмила Григорьевна,2021,Платное,8.6,315,Стоматология,Минская,70,66,66,58,74,66,85,61
Бурова Оксана Рудольфовна,2023,Бюджет,8.0,334,Стоматология,Брестская,63,55,73,91,90,71,70,65
Якушева Алевтина Львовна,2021,Бюджет,6.8,310,Менеджмент,Минская,73,75,75,76,85,68,81,70
Ульян Ануфриевич Шилов,2024,Целевое,8.0,352,Фармация,Минск,63,90,63,71,84,88,76,94
Горбачева Акулина Петровна,2021,Платное,8.1,340,Стоматология,Брестская,92,73,58,74,93,73,63,61
Стрелкова Агата Геннадиевна,2022,Платное,7.8,338,Экономика,Минская,78,79,75,78,78,95,86,63
тов. Герасимов Никодим Августович,2022,Платное,8.6,347,Психология,Гродненская,90,80,61,56,64,65,90,81
Маркова Нонна Вадимовна,2023,Целевое,8.1,329,Искусственный интеллект,Гомельская,89,64,64,58,72,79,61,80
Артемьев Лаврентий Фролович,2025,Целевое,7.7,351,Информационные системы и технологии,Могилевская,81,82,91,73,89,94,59,81
Назаров Ростислав Жанович,2022,Целевое,7.3,320,Фармация,Витебская,81,85,70,67,66,59,77,81
Агафья Константиновна Денисова,2025,Бюджет,8.4,323,Психология,Гродненская,67,81,71,84,55,69,65,74
Аполлон Тарасович Ефимов,2022,Бюджет,8.5,363,Психология,Минск,82,95,78,59,93,60,81,90
Кира Юрьевна Макарова,2023,Бюджет,6.8,333,Финансы и кредит,Гродненская,63,63,90,71,77,65,86,89
Беспалова Евпраксия Тимуровна,2021,Целевое,8.3,342,Психология,Гомельская,60,89,94,59,74,61,76,71
Кира Рубеновна Дроздова,2024,Платное,6.9,348,Психология,Гомельская,88,94,79,56,64,93,92,65
Иванна Леоновна Васильева,2023,Платное,7.9,347,Менеджмент,Гомельская,87,60,78,72,75,85,95,86
Козлова Лидия Сергеевна,2024,Бюджет,8.1,360,Фармация,Гродненская,63,95,82,90,85,83,94,61
Аверьян Анатольевич Дьячков,2021,Платное,7.0,344,Психология,Минск,84,75,95,85,83,87,62,92
Ия Руслановна Архипова,2025,Целевое,8.7,327,Информационные системы и технологии,Гродненская,75,69,77,63,76,74,80,83
Радислав Бориславович Воронцов,2024,Целевое,7.0,334,Менеджмент,Гомельская,58,55,93,86,75,68,64,85
Иванна Александровна Медведева,2024,Бюджет,8.8,347,Фармация,Могилевская,71,71,56,84,61,76,91,84
Феврония Артемовна Назарова,2021,Целевое,9.0,363,Стоматология,Могилевская,90,89,70,76,89,79,94,74
Доброслав Всеволодович Белов,2021,Платное,6.8,338,Экономика,Витебская,58,87,62,72,92,76,82,91
Анжелика Ефимовна Хохлова,2025,Платное,7.8,351,Фармация,Минск,61,76,90,91,89,89,76,92
Кира Кирилловна Мишина,2024,Бюджет,8.4,316,Менеджмент,Гомельская,66,69,58,74,89,63,60,63
Трифон Григорьевич Комиссаров,2025,Бюджет,7.3,327,Экономика,Минск,85,68,89,80,69,74,74,80
Федосеев Ульян Феодосьевич,2024,Целевое,8.5,334,Информационные системы и технологии,Гомельская,67,72,82,85,69,82,72,70
Элеонора Святославовна Хохлова,2024,Целевое,7.7,344,Фармация,Брестская,72,86,65,79,63,88,93,68
Мартынов Андрон Афанасьевич,2025,Целевое,8.5,352,Бухгалтерский учет,Гомельская,80,56,85,79,81,95,74,87
Никанор Евстигнеевич Игнатов,2024,Бюджет,8.6,344,Международные отношения,Могилевская,89,74,63,71,81,78,88,68
Моисей Харлампьевич Щукин,2025,Целевое,6.7,349,Финансы и кредит,Минск,77,68,94,81,93,67,60,95
Орлова Елизавета Оскаровна,2023,Целевое,7.3,344,Фармация,Минская,82,85,75,92,77,94,71,79
Дроздов Петр Тимурович,2025,Целевое,7.5,311,Финансы и кредит,Гродненская,76,71,76,59,79,81,58,66
Максимов Арсений Владленович,2025,Платное,7.0,326,Менеджмент,Минская,88,77,60,85,66,75,83,71
Соловьева Ираида Степановна,2024,Платное,7.8,315,Менеджмент,Гродненская,55,56,76,72,63,64,89,64
Спартак Ефимьевич Виноградов,2022,Целевое,8.7,363,Экономика,Минск,68,57,87,70,64,95,70,94
Олимпиада Вадимовна Виноградова,2021,Бюджет,8.4,352,Бухгалтерский учет,Гродненская,87,57,67,94,87,78,55,62
Мельникова Марфа Натановна,2021,Платное,8.7,322,Бухгалтерский учет,Гомельская,79,57,77,57,71,79,58,71
Эдуард Якубович Карпов,2022,Платное,7.6,322,Финансы и кредит,Витебская,59,79,72,78,78,76,89,58
Зоя Богдановна Тимофеева,2021,Целевое,8.9,357,Бухгалтерский учет,Брестская,84,79,88,78,95,70,85,83
Галкин Порфирий Елизарович,2024,Платное,7.8,326,Информационные системы и технологии,Могилевская,55,67,90,81,62,75,77,71
Касьян Архипович Шестаков,2024,Целевое,8.8,352,Экономика,Брестская,69,86,95,57,72,55,77,83
Елизавета Никифоровна Михеева,2022,Бюджет,8.8,320,Фармация,Гродненская,73,79,57,72,63,62,80,62
Киселева София Филипповна,2024,Бюджет,8.6,340,Бухгалтерский учет,Брестская,67,72,78,81,70,65,95,73
Александра Тимуровна Сорокина,2024,Бюджет,8.0,301,Фармация,Могилевская,61,55,71,78,64,66,64,72
Радим Августович Потапов,2023,Целевое,8.5,357,Международные отношения,Могилевская,90,90,73,85,90,92,55,74
Кошелева Лора Вениаминовна,2022,Целевое,7.6,333,Экономика,Витебская,66,70,67,77,83,81,93,78
Осипов Аполлон Гавриилович,2023,Бюджет,9.0,351,Стоматология,Минская,63,81,76,83,91,85,69,85
Аристарх Адамович Беспалов,2025,Бюджет,8.0,349,Финансы и кредит,Брестская,61,95,55,79,76,71,56,95
Антонина Вячеславовна Лукина,2022,Платное,6.8,336,Международные отношения,Витебская,93,86,86,70,85,60,89,59
Бобылев Платон Юльевич,2023,Целевое,7.6,352,Стоматология,Могилевская,94,86,92,86,90,85,71,62
Дмитриев Радован Елисеевич,2023,Целевое,8.6,348,Экономика,Гомельская,78,67,87,91,57,71,72,84
Ольга Тимофеевна Кошелева,2024,Платное,6.9,341,Психология,Гомельская,70,89,63,90,79,93,75,89
Журавлев Всемил Ануфриевич,2023,Бюджет,7.3,350,Психология,Гомельская,95,83,59,58,89,69,73,93
Нонна Егоровна Зиновьева,2023,Целевое,8.0,334,Финансы и кредит,Минская,76,59,61,78,87,87,74,80
Ростислав Изотович Ефремов,2023,Бюджет,8.3,333,Фармация,Брестская,93,83,56,72,66,60,74,73
Матвеев Михей Антонович,2025,Целевое,7.1,338,Бухгалтерский учет,Брестская,77,91,81,77,86,73,77,90
Никон Авдеевич Кабанов,2024,Целевое,7.0,349,Фармация,Гродненская,75,94,93,92,86,73,62,66
Марина Николаевна Петухова,2023,Бюджет,7.3,346,Фармация,Минск,78,71,56,72,92,66,92,89
Фирс Чеславович Беляков,2024,Бюджет,6.8,313,Психология,Витебская,80,80,85,58,59,57,62,77
Виссарион Федосьевич Мясников,2023,Платное,8.6,346,Психология,Брестская,82,94,55,58,56,64,56,84
Якушева Таисия Станиславовна,2025,Бюджет,7.3,330,Фармация,Гомельская,64,92,56,87,77,64,78,76
Игнатьев Наркис Валерьевич,2023,Целевое,7.5,342,Экономика,Могилевская,72,88,87,72,92,78,57,81
Агата Вениаминовна Цветкова,2021,Целевое,7.0,304,Информационные системы и технологии,Минск,93,60,80,56,55,55,58,61
Кондратьева Евгения Павловна,2022,Целевое,7.9,335,Бухгалтерский учет,Минская,75,58,69,68,79,87,85,84
Надежда Алексеевна Игнатьева,2022,Платное,8.7,325,Психология,Минская,64,63,69,77,82,56,79,73
Галкина Алевтина Павловна,2022,Бюджет,7.4,309,Фармация,Брестская,63,72,59,65,68,57,95,66
Герасим Ильясович Лапин,2021,Платное,8.9,356,Фармация,Гродненская,82,74,86,69,93,57,88,63
Василий Юльевич Дроздов,2023,Целевое,8.0,356,Информационные системы и технологии,Минская,61,90,57,70,57,91,95,62
Егорова Лидия Семеновна,2023,Бюджет,7.2,354,Бухгалтерский учет,Могилевская,75,66,57,93,95,81,76,94
Эмилия Сергеевна Андреева,2024,Бюджет,7.5,354,Международные отношения,Минск,88,82,82,93,95,69,91,55
Колесников Ипполит Федосьевич,2022,Платное,8.2,345,Стоматология,Минск,81,88,67,77,77,72,94,73
Галина Наумовна Колобова,2021,Бюджет,8.4,328,Экономика,Витебская,69,57,61,57,81,78,84,79
Овчинникова Наина Романовна,2021,Платное,6.8,327,Психология,Гродненская,87,59,70,89,80,55,83,57
Никодим Августович Веселов,2022,Платное,8.9,355,Фармация,Минская,88,78,86,61,86,92,59,79
Гущина Марфа Артемовна,2022,Бюджет,8.0,350,Финансы и кредит,Гродненская,89,90,65,78,76,59,91,61
Валентин Аверьянович Орлов,2021,Целевое,7.9,350,Экономика,Минск,66,89,59,87,73,95,85,58
Ксения Юльевна Мельникова,2025,Бюджет,6.9,338,Стоматология,Могилевская,88,57,79,82,86,56,95,78
Тихонов Климент Филимонович,2023,Целевое,6.8,322,Фармация,Минск,86,67,93,72,67,75,57,67
Медведева Акулина Филипповна,2021,Целевое,7.9,352,Международные отношения,Могилевская,75,81,89,72,90,76,94,58
Якуб Артёмович Лазарев,2025,Платное,8.6,356,Фармация,Минск,60,86,75,57,70,89,90,91
Галкина Фаина Руслановна,2021,Целевое,8.8,362,Международные отношения,Минская,91,69,88,90,68,68,83,93
Константинов Матвей Алексеевич,2024,Целевое,8.2,344,Искусственный интеллект,Гомельская,81,84,66,78,60,81,84,94
Любовь Артемовна Егорова,2024,Платное,7.4,320,Фармация,Витебская,72,82,65,56,79,63,72,85
Капитон Адамович Ковалев,2024,Целевое,7.9,352,Искусственный интеллект,Гродненская,87,74,87,86,62,95,91,75
Лапин Модест Бориславович,2025,Бюджет,8.6,344,Фармация,Гомельская,60,87,63,81,81,71,90,55
Ираклий Аксёнович Белоусов,2025,Целевое,7.9,332,Искусственный интеллект,Брестская,59,76,87,58,72,78,83,83
Родионов Ираклий Богданович,2022,Платное,7.8,322,Менеджмент,Витебская,81,60,68,74,89,67,55,61
Фёкла Болеславовна Степанова,2023,Платное,8.1,364,Финансы и кредит,Брестская,58,95,67,93,62,95,62,67
Шарова Фаина Феликсовна,2022,Платное,7.9,316,Бухгалтерский учет,Могилевская,77,68,70,75,58,58,85,68
Фокина Кира Юльевна,2022,Платное,7.7,340,Бухгалтерский учет,Витебская,61,58,90,77,92,59,81,66
Нинель Филипповна Галкина,2021,Платное,8.4,341,Экономика,Гродненская,87,67,83,71,64,73,87,68
Эмилия Тарасовна Красильникова,2021,Бюджет,8.8,356,Психология,Гродненская,77,72,62,75,90,83,95,76
Клавдия Юрьевна Сафонова,2025,Бюджет,8.3,335,Бухгалтерский учет,Витебская,74,81,75,79,85,61,85,82
Горбачев Викентий Елизарович,2024,Бюджет,7.3,335,Экономика,Могилевская,58,68,81,87,90,85,57,73
Корнил Дмитриевич Зуев,2022,Целевое,8.2,335,Искусственный интеллект,Гродненская,79,60,74,93,70,81,57,73
Трофимов Руслан Юлианович,2023,Платное,7.5,342,Психология,Могилевская,80,92,71,67,71,70,95,61
Кондрат Авдеевич Сазонов,2024,Бюджет,8.9,358,Бухгалтерский учет,Минская,62,93,58,81,94,78,82,80
Евдокия Семеновна Орехова,2024,Целевое,8.9,358,Международные отношения,Гродненская,60,78,55,89,69,71,94,86
Вероника Николаевна Жукова,2025,Бюджет,7.1,313,Фармация,Могилевская,56,82,81,71,71,79,62,75
Ангелина Константиновна Красильникова,2021,Платное,8.0,351,Стоматология,Гродненская,68,92,76,85,72,93,86,59
Молчанова Ираида Афанасьевна,2024,Платное,7.4,346,Бухгалтерский учет,Витебская,68,57,87,87,95,76,90,62
Эрнест Демьянович Брагин,2023,Целевое,7.8,315,Бухгалтерский учет,Могилевская,67,70,75,57,62,58,61,92
Веселов Мстислав Данилович,2021,Бюджет,9.0,321,Информационные системы и технологии,Минск,63,69,61,80,82,62,55,64
Архипова Анастасия Васильевна,2025,Бюджет,8.0,342,Психология,Могилевская,66,95,61,84,82,61,83,75
Валерия Натановна Абрамова,2025,Платное,7.1,319,Финансы и кредит,Гродненская,55,74,86,57,73,71,56,88
Крюков Авдей Эдгардович,2024,Бюджет,7.8,333,Стоматология,Минск,59,65,59,86,88,55,80,81
Агафья Кузьминична Одинцова,2023,Платное,7.1,343,Искусственный интеллект,Гродненская,89,79,86,90,74,60,88,93
Прасковья Константиновна Филатова,2021,Платное,8.8,366,Искусственный интеллект,Могилевская,93,80,90,90,95,60,60,86
Элеонора Станиславовна Суворова,2021,Целевое,7.2,335,Финансы и кредит,Брестская,60,56,92,60,70,65,93,78
Лариса Яковлевна Кононова,2024,Бюджет,7.9,338,Искусственный интеллект,Витебская,66,70,90,56,61,93,63,76
Любовь Вадимовна Баранова,2023,Платное,8.7,351,Международные отношения,Могилевская,58,72,64,86,91,71,57,87
Андреев Аким Еремеевич,2021,Платное,7.2,331,Финансы и кредит,Могилевская,59,69,68,82,76,85,79,92
Егорова Анжелика Викторовна,2023,Бюджет,6.6,327,Бухгалтерский учет,Гомельская,75,80,69,85,88,88,78,77
Клавдий Иосифович Меркушев,2024,Платное,6.8,317,Бухгалтерский учет,Могилевская,62,87,82,75,80,80,78,67
Марфа Антоновна Родионова,2025,Целевое,7.5,341,Экономика,Могилевская,88,65,69,94,80,73,84,73
Иларион Демьянович Калашников,2023,Платное,8.4,334,Бухгалтерский учет,Гомельская,86,88,56,72,66,76,73,69
Доронина Милица Леоновна,2025,Платное,8.7,348,Психология,Гродненская,85,68,63,67,87,56,89,84
Вероника Геннадьевна Русакова,2023,Бюджет,8.2,358,Искусственный интеллект,Гродненская,60,90,83,69,79,93,86,93
Беспалов Назар Владленович,2025,Целевое,7.7,336,Менеджмент,Минск,71,67,91,85,83,59,72,63
Королев Вениамин Елисеевич,2025,Платное,8.1,353,Менеджмент,Могилевская,90,80,77,94,88,66,70,79
Шашкова Марина Владиславовна,2024,Платное,7.5,322,Фармация,Витебская,91,63,65,85,70,60,67,71
Григорьева Елизавета Эльдаровна,2024,Платное,6.7,318,Информационные системы и технологии,Витебская,65,65,88,86,73,61,67,77
Носкова Анжела Александровна,2022,Платное,6.9,303,Менеджмент,Гомельская,61,57,73,61,67,93,66,68
Радислав Елисеевич Гуляев,2021,Бюджет,6.7,330,Стоматология,Брестская,78,65,71,85,67,88,75,90
Владимиров Селиверст Феофанович,2024,Целевое,8.1,330,Международные отношения,Минская,74,81,72,82,78,82,85,76
Гуляева Надежда Тарасовна,2023,Целевое,8.0,346,Менеджмент,Минская,83,90,68,84,92,68,84,70
Аксенова Дарья Робертовна,2025,Целевое,8.7,349,Бухгалтерский учет,Минская,84,78,81,56,58,79,88,90
Анна Олеговна Родионова,2022,Бюджет,7.8,345,Финансы и кредит,Гомельская,84,64,65,65,94,89,78,56
Казакова Валерия Ждановна,2025,Платное,6.5,339,Менеджмент,Гродненская,86,76,95,59,83,62,93,77
Селиверстова Мария Эдуардовна,2025,Целевое,8.5,352,Экономика,Могилевская,75,61,89,91,87,86,75,81
Устинова Клавдия Юльевна,2024,Целевое,8.8,308,Менеджмент,Гомельская,56,69,63,81,61,70,64,67
Кондратий Владиленович Гуляев,2021,Бюджет,8.7,358,Информационные системы и технологии,Могилевская,94,71,63,87,67,69,77,90
Жанна Ждановна Крюкова,2025,Целевое,6.6,316,Экономика,Могилевская,79,91,68,73,65,80,69,57
Мечислав Феодосьевич Титов,2022,Платное,8.8,332,Экономика,Брестская,69,69,58,71,88,85,68,57
Воронцов Марк Владиславович,2023,Бюджет,6.8,318,Финансы и кредит,Могилевская,73,84,74,77,74,69,73,89
Симонова Алина Вадимовна,2024,Целевое,6.8,348,Фармация,Минск,94,60,81,94,81,86,72,92
Феоктист Марсович Антонов,2023,Целевое,7.1,352,Фармация,Брестская,85,72,63,72,95,94,61,92
Уварова Иванна Леонидовна,2024,Платное,9.0,358,Психология,Минск,58,71,82,63,74,60,95,91
Селезнева Дарья Артемовна,2023,Бюджет,6.8,313,Экономика,Могилевская,84,60,60,84,60,77,62,76
Онуфрий Всеволодович Зыков,2024,Бюджет,7.0,330,Международные отношения,Гродненская,84,92,83,84,70,73,82,80
Измаил Эдгарович Сафонов,2021,Платное,6.9,333,Международные отношения,Брестская,85,83,88,91,82,84,74,68
Модест Даниилович Агафонов,2022,Бюджет,6.6,325,Искусственный интеллект,Витебская,94,77,61,74,68,83,82,82
Макар Евстигнеевич Матвеев,2021,Бюджет,8.6,333,Экономика,Могилевская,56,56,78,56,79,90,60,71
Тамара Рудольфовна Киселева,2022,Целевое,8.3,357,Экономика,Минск,93,80,56,80,74,92,89,72
Нинель Владиславовна Филатова,2022,Целевое,6.7,300,Финансы и кредит,Витебская,71,55,83,72,58,78,58,71
Дроздова Глафира Святославовна,2022,Платное,6.9,341,Финансы и кредит,Гродненская,61,71,84,95,77,66,68,93
Олимпиада Ивановна Ситникова,2025,Платное,8.6,363,Финансы и кредит,Минская,83,92,55,92,69,71,61,93
Мамонтова Лидия Тимофеевна,2022,Целевое,8.8,348,Искусственный интеллект,Минская,64,77,86,82,60,58,92,71
Киселев Спиридон Гаврилович,2024,Целевое,6.6,302,Менеджмент,Гродненская,65,72,74,81,68,75,79,76
Панова Нинель Аркадьевна,2021,Целевое,7.8,352,Искусственный интеллект,Гродненская,84,95,74,92,59,87,61,55
Гусева Феврония Кирилловна,2023,Бюджет,7.9,340,Международные отношения,Минск,77,94,76,76,75,67,70,90
Беляева Алла Валериевна,2022,Бюджет,7.5,355,Экономика,Брестская,95,72,84,93,60,86,92,75
Чеслав Ильясович Белов,2024,Целевое,7.8,350,Информационные системы и технологии,Минская,75,65,70,75,83,93,85,94
Ангелина Тимофеевна Селиверстова,2024,Целевое,7.9,327,Международные отношения,Брестская,84,64,55,79,68,85,78,56
Алевтина Артемовна Орехова,2023,Платное,8.0,355,Международные отношения,Минская,62,60,66,94,89,63,92,70
Голубева Пелагея Евгеньевна,2022,Платное,7.3,315,Фармация,Витебская,79,73,74,72,89,60,70,58
Владислав Гаврилович Куликов,2024,Бюджет,8.0,315,Психология,Гродненская,62,82,64,59,59,61,79,74
Агафонова Ангелина Эдуардовна,2021,Бюджет,6.8,313,Искусственный интеллект,Витебская,55,64,86,65,82,64,69,77
Белозерова Маргарита Леонидовна,2022,Платное,7.2,310,Фармация,Витебская,71,66,60,62,63,79,73,86
Фомина Анжела Альбертовна,2024,Целевое,6.8,303,Искусственный интеллект,Витебская,75,64,63,56,74,84,64,76
Бирюкова Вера Семеновна,2024,Платное,8.9,359,Экономика,Минская,75,82,81,78,95,69,67,93
Анна Леоновна Крюкова,2025,Платное,7.0,307,Международные отношения,Гродненская,58,77,85,72,75,55,60,70
Стрелков Гурий Демьянович,2024,Бюджет,8.4,357,Экономика,Минск,65,89,90,82,66,74,94,83
Елисеева Антонина Артемовна,2021,Бюджет,9.0,337,Информационные системы и технологии,Гомельская,77,77,83,74,76,84,80,66
Анжелика Сергеевна Ситникова,2021,Платное,8.0,356,Искусственный интеллект,Гомельская,85,57,92,60,75,85,94,90
Глафира Юльевна Кузьмина,2022,Платное,8.7,341,Бухгалтерский учет,Брестская,84,72,68,74,82,55,74,88
Макарова Зоя Артемовна,2024,Целевое,6.5,347,Финансы и кредит,Минск,94,64,69,95,67,56,59,93
Авдеева Елена Эльдаровна,2021,Целевое,7.5,350,Международные отношения,Брестская,90,76,70,71,92,93,58,74
Гущин Гордей Измаилович,2024,Платное,8.5,347,Психология,Гродненская,71,76,93,90,56,67,79,75
Таисия Вадимовна Филиппова,2025,Платное,9.0,345,Информационные системы и технологии,Гродненская,61,72,78,75,81,88,86,72
Роман Богданович Шубин,2021,Платное,7.7,341,Финансы и кредит,Гомельская,57,85,68,78,93,86,68,64
Тимофеев Тимур Антипович,2022,Платное,8.5,370,Менеджмент,Минская,68,95,95,95,88,57,78,62
Казимир Тарасович Морозов,2022,Платное,7.3,327,Фармация,Минск,66,65,77,55,88,65,89,73
Ксения Архиповна Сергеева,2022,Платное,6.5,337,Искусственный интеллект,Минск,95,89,86,88,57,80,85,75
Беляев Степан Денисович,2021,Бюджет,7.4,323,Экономика,Могилевская,70,76,60,62,69,93,78,78
Крюков Лаврентий Давыдович,2024,Платное,7.8,348,Психология,Могилевская,80,68,90,73,92,55,63,88
Корнилова Жанна Львовна,2024,Бюджет,8.0,333,Финансы и кредит,Витебская,75,82,64,67,60,75,91,80
Гордей Абрамович Брагин,2022,Платное,6.6,342,Стоматология,Брестская,93,60,59,68,89,64,62,94
Михайлова Светлана Богдановна,2023,Платное,8.4,368,Бухгалтерский учет,Гомельская,94,76,85,71,82,83,95,95
Лебедев Аверьян Фомич,2024,Бюджет,8.2,349,Бухгалтерский учет,Могилевская,92,85,72,90,58,81,70,59
Лебедев Карп Ермолаевич,2024,Бюджет,8.4,362,Стоматология,Минская,63,85,82,95,61,91,92,67
Сидоров Иларион Даниилович,2022,Целевое,8.0,327,Менеджмент,Минск,60,76,77,92,77,71,69,78
Фокин Ким Фокич,2025,Платное,7.3,325,Фармация,Гомельская,62,63,83,59,74,69,95,57
Дроздов Никифор Борисович,2021,Целевое,8.9,320,Менеджмент,Минская,59,57,69,89,66,61,73,63
Капустина Феврония Робертовна,2022,Целевое,8.2,349,Экономика,Гродненская,83,87,61,92,88,69,83,58
Михайлов Никифор Харитонович,2025,Платное,8.3,338,Фармация,Могилевская,77,63,95,66,79,59,81,63
Костин Дементий Фадеевич,2021,Целевое,7.2,345,Менеджмент,Могилевская,95,66,89,74,89,72,57,61
Татьяна Ильинична Самойлова,2021,Платное,6.6,316,Бухгалтерский учет,Минская,63,77,81,81,82,74,81,87
Константинова Елизавета Филипповна,2021,Платное,6.6,341,Психология,Брестская,87,62,93,95,55,78,86,81
Василиса Геннадиевна Горбачева,2025,Бюджет,7.8,350,Финансы и кредит,Брестская,62,79,86,95,91,71,68,78
Панов Никодим Аксёнович,2021,Бюджет,6.9,326,Фармация,Могилевская,66,95,73,55,66,58,85,77
Белова Ульяна Болеславовна,2024,Бюджет,7.6,322,Психология,Гомельская,76,85,78,57,66,73,83,56
Ксения Богдановна Коновалова,2024,Платное,8.5,358,Бухгалтерский учет,Минская,88,78,68,92,93,55,69,62
Галина Васильевна Филиппова,2024,Бюджет,8.6,349,Стоматология,Минская,59,88,72,85,79,90,57,81
Гуляев Кондратий Ильясович,2025,Бюджет,7.2,343,Психология,Гомельская,93,93,78,70,85,77,61,68
Кира Геннадьевна Никонова,2024,Платное,7.9,349,Стоматология,Гродненская,82,75,69,90,91,64,76,89
Доброслав Дорофеевич Зыков,2023,Целевое,8.9,346,Финансы и кредит,Минск,57,60,77,91,74,73,64,89
Большаков Спартак Матвеевич,2022,Платное,8.6,362,Международные отношения,Могилевская,94,68,84,91,63,88,79,91
Орлова Татьяна Эльдаровна,2025,Целевое,8.3,330,Информационные системы и технологии,Гродненская,82,76,87,66,72,62,78,67
Трофимов Сигизмунд Владленович,2024,Платное,8.3,343,Менеджмент,Гомельская,76,93,67,55,83,70,84,81
Зуева Нина Болеславовна,2022,Бюджет,8.5,357,Финансы и кредит,Минская,92,79,91,65,83,89,84,67
Ираклий Гавриилович Горшков,2022,Целевое,6.8,305,Менеджмент,Могилевская,72,77,68,64,73,75,71,85
Коновалова Анна Филипповна,2022,Целевое,7.3,346,Информационные системы и технологии,Витебская,94,63,92,80,60,63,87,67
Ираида Егоровна Павлова,2023,Бюджет,6.9,323,Менеджмент,Брестская,59,59,58,66,82,85,58,87
Евгения Юрьевна Голубева,2024,Платное,8.0,320,Психология,Гомельская,75,82,80,78,68,56,60,58
Уварова Полина Федоровна,2023,Целевое,6.5,302,Искусственный интеллект,Гомельская,66,79,66,64,84,58,62,74
Борислав Валерьевич Казаков,2022,Бюджет,8.2,334,Финансы и кредит,Брестская,91,67,63,84,74,70,77,66
Варфоломей Викторович Ширяев,2022,Бюджет,7.4,335,Психология,Минск,61,64,86,71,85,55,90,78
Тимофеева Мария Львовна,2023,Бюджет,8.2,347,Психология,Гомельская,71,94,64,56,93,65,72,78
Валерия Геннадиевна Соболева,2021,Целевое,7.0,317,Стоматология,Минск,71,79,63,76,91,77,64,64
Щукина Раиса Олеговна,2022,Платное,7.7,327,Менеджмент,Гродненская,58,80,80,84,70,78,86,56
Анна Егоровна Стрелкова,2024,Целевое,7.1,322,Экономика,Брестская,59,80,78,90,81,76,59,76
Денисова Алла Михайловна,2023,Целевое,7.0,326,Менеджмент,Минская,63,68,91,61,83,75,82,77
Мир Валерианович Капустин,2023,Целевое,7.8,320,Финансы и кредит,Гомельская,85,71,61,73,66,62,62,84
Таисия Игоревна Родионова,2022,Целевое,7.4,333,Бухгалтерский учет,Минск,64,84,87,86,84,85,61,86
Филатова Лидия Федоровна,2023,Целевое,7.7,303,Бухгалтерский учет,Витебская,64,60,58,71,63,55,81,74
Зуева Елизавета Вениаминовна,2021,Платное,6.9,335,Психология,Брестская,87,65,77,89,90,69,69,74
Ефим Феликсович Игнатьев,2024,Целевое,7.4,352,Информационные системы и технологии,Брестская,92,81,68,93,55,75,76,93
Тарасова Октябрина Станиславовна,2023,Бюджет,7.4,340,Искусственный интеллект,Брестская,95,63,78,79,76,56,87,84
Прохорова Светлана Ефимовна,2021,Целевое,7.4,327,Фармация,Минская,84,60,63,88,60,58,81,74
Ермакова Эмилия Григорьевна,2024,Целевое,6.7,307,Финансы и кредит,Гродненская,59,84,66,78,72,70,78,61
Ситников Евсей Трифонович,2021,Бюджет,7.9,327,Менеджмент,Могилевская,93,74,81,72,60,72,66,64
Кондрат Якубович Журавлев,2021,Платное,8.1,338,Международные отношения,Брестская,84,79,59,94,58,73,77,79
Елена Викторовна Сафонова,2021,Целевое,8.8,338,Бухгалтерский учет,Гомельская,69,61,60,71,78,88,84,75
Таисия Мироновна Евсеева,2022,Платное,7.8,350,Финансы и кредит,Гродненская,95,67,66,64,69,71,87,90
Борисов Кирилл Витальевич,2023,Целевое,7.7,308,Экономика,Могилевская,60,56,64,92,61,70,68,69
Вишняков Трифон Зиновьевич,2024,Платное,8.6,363,Фармация,Минская,72,79,91,94,63,92,58,91
Варлаам Августович Савельев,2025,Платное,7.6,324,Финансы и кредит,Минск,72,70,88,83,65,77,68,55
Синклитикия Кузьминична Лобанова,2025,Целевое,7.7,311,Психология,Витебская,64,78,68,56,84,72,55,58
Васильева Дарья Тимуровна,2023,Бюджет,8.5,346,Международные отношения,Минск,60,84,83,89,86,63,86,80
Орехов Рюрик Гавриилович,2024,Платное,7.3,348,Бухгалтерский учет,Минская,86,66,59,95,78,86,94,62
Игнатова Александра Матвеевна,2025,Бюджет,8.3,346,Международные отношения,Минская,75,77,88,94,77,65,81,73
Аггей Феоктистович Некрасов,2023,Целевое,8.7,345,Менеджмент,Минск,55,63,83,69,55,89,72,86
Баранова Глафира Валериевна,2023,Бюджет,7.9,331,Фармация,Брестская,82,79,76,64,89,58,73,81
Попов Христофор Ефремович,2021,Платное,6.9,312,Международные отношения,Минская,75,76,83,56,79,81,58,71
Воронцов Антонин Яковлевич,2024,Бюджет,8.2,319,Менеджмент,Минск,81,70,68,59,66,68,66,86
Валерия Феликсовна Соболева,2023,Целевое,7.1,339,Информационные системы и технологии,Гродненская,80,56,68,72,87,93,60,88
Наум Федосеевич Исаков,2021,Целевое,8.8,335,Психология,Гродненская,58,74,84,58,86,71,70,77
Иванова Марина Рубеновна,2023,Целевое,8.1,336,Информационные системы и технологии,Брестская,62,71,60,86,63,56,95,74
Кондрат Иосипович Лапин,2021,Бюджет,7.2,331,Стоматология,Минск,69,76,94,56,57,87,78,57
Лора Оскаровна Колобова,2022,Целевое,6.8,312,Психология,Гродненская,80,62,63,82,81,59,81,61
Оксана Андреевна Афанасьева,2022,Бюджет,6.6,301,Финансы и кредит,Могилевская,73,64,81,75,71,60,79,62
Лидия Макаровна Калинина,2025,Платное,8.5,355,Менеджмент,Гродненская,92,84,94,56,67,84,70,82
Пелагея Николаевна Андреева,2022,Бюджет,8.7,351,Информационные системы и технологии,Могилевская,61,66,87,86,62,62,91,58
Силин Нестор Дорофеевич,2024,Платное,8.1,320,Информационные системы и технологии,Минск,75,72,64,76,58,80,69,83
Шубин Станимир Филатович,2023,Целевое,8.6,343,Стоматология,Гродненская,58,65,80,78,78,95,75,82
Нонна Геннадьевна Миронова,2022,Платное,6.6,338,Бухгалтерский учет,Минская,81,87,92,70,55,72,93,65
Парфен Даниилович Баранов,2024,Бюджет,7.6,349,Информационные системы и технологии,Минск,69,91,74,92,90,73,69,72
Антонина Леоновна Родионова,2021,Бюджет,8.4,359,Искусственный интеллект,Брестская,92,78,92,69,69,67,63,91
Карпов Гостомысл Арсеньевич,2025,Целевое,7.0,345,Психология,Могилевская,86,73,78,93,71,90,92,87
Давыдова Жанна Анатольевна,2024,Бюджет,6.7,326,Психология,Минск,84,70,68,64,65,87,88,68
Остап Филатович Гаврилов,2025,Бюджет,8.2,334,Менеджмент,Гомельская,90,63,85,58,77,77,72,68
г-н Буров Ермолай Иларионович,2025,Целевое,7.9,334,Психология,Минск,73,88,78,89,70,63,69,74
Тимур Викентьевич Беспалов,2023,Платное,6.7,343,Экономика,Гомельская,93,88,72,60,88,55,94,89
Харлампий Ермолаевич Ермаков,2022,Целевое,8.5,349,Финансы и кредит,Брестская,89,85,83,76,68,64,75,90
Парфен Захарьевич Федоров,2021,Платное,7.8,350,Экономика,Минск,71,75,87,95,82,66,60,90
Кириллов Мартьян Богданович,2021,Целевое,8.5,338,Стоматология,Гродненская,62,77,81,81,73,82,72,90
Фадей Якубович Шаров,2021,Платное,7.5,329,Информационные системы и технологии,Могилевская,82,58,84,59,79,88,67,74
Силин Карп Марсович,2023,Платное,9.0,334,Экономика,Минская,60,64,86,72,70,86,58,68
Лапин Вениамин Бориславович,2025,Бюджет,7.5,356,Психология,Гомельская,84,78,93,70,93,70,95,78
тов. Ильина Зоя Харитоновна,2024,Бюджет,8.4,346,Финансы и кредит,Брестская,68,84,89,89,79,74,75,79
Уваров Селиван Ааронович,2022,Платное,7.4,319,Искусственный интеллект,Минская,93,58,74,68,65,71,78,74
Нестерова Олимпиада Владиславовна,2025,Бюджет,7.7,340,Стоматология,Гомельская,86,64,86,73,55,91,56,62
Екатерина Харитоновна Лапина,2024,Бюджет,8.3,346,Бухгалтерский учет,Гомельская,80,55,92,73,81,90,55,68
Герасим Игоревич Самсонов,2024,Целевое,8.0,339,Финансы и кредит,Минская,80,90,75,68,89,56,75,62
Логинов Фортунат Арсенович,2024,Бюджет,6.6,297,Менеджмент,Гродненская,75,62,70,60,61,83,68,73
Лукия Антоновна Морозова,2022,Целевое,8.5,325,Экономика,Витебская,76,58,82,67,55,78,79,79
Людмила Артемовна Белякова,2025,Бюджет,6.7,342,Информационные системы и технологии,Брестская,71,90,68,71,79,94,72,91
Галина Сергеевна Крылова,2025,Платное,6.6,328,Экономика,Витебская,61,76,93,67,69,61,93,73
Вадим Давыдович Ефимов,2025,Бюджет,7.8,337,Экономика,Витебская,90,55,70,61,90,62,73,79
София Макаровна Корнилова,2022,Бюджет,6.8,329,Информационные системы и технологии,Витебская,89,56,79,74,70,90,66,82
Евдокия Тимуровна Волкова,2025,Бюджет,6.9,344,Менеджмент,Гродненская,94,94,81,60,62,70,87,66
Майя Руслановна Корнилова,2023,Платное,8.7,358,Фармация,Гродненская,75,92,58,85,56,60,67,94
Белоусова Фёкла Ниловна,2021,Бюджет,9.0,305,Психология,Минск,55,61,65,66,76,65,73,62
Кира Ильинична Журавлева,2023,Бюджет,8.6,325,Менеджмент,Брестская,57,63,63,60,61,86,71,82
Мокей Эдгардович Суворов,2022,Платное,7.7,328,Менеджмент,Гомельская,61,73,78,66,83,62,90,63
Ксения Оскаровна Гущина,2022,Бюджет,8.1,352,Информационные системы и технологии,Минск,64,63,65,68,95,83,79,93
Фёкла Александровна Давыдова,2025,Платное,8.0,331,Информационные системы и технологии,Брестская,81,89,69,57,81,69,78,75
Логинов Владислав Геннадиевич,2023,Целевое,7.2,340,Психология,Могилевская,94,89,78,77,76,76,57,85
Юлиан Елизарович Ефремов,2024,Бюджет,6.9,348,Информационные системы и технологии,Гомельская,94,64,67,91,92,87,93,74
Ильин Святослав Феликсович,2023,Платное,8.1,324,Бухгалтерский учет,Гомельская,69,73,66,83,60,75,60,85
Дьячкова Октябрина Феликсовна,2025,Целевое,7.1,321,Международные отношения,Брестская,67,68,77,63,73,93,72,80
Белоусова Валентина Рудольфовна,2025,Целевое,7.3,342,Экономика,Могилевская,81,80,86,63,91,61,92,64
Шаров Стоян Фокич,2022,Целевое,7.0,322,Финансы и кредит,Витебская,73,70,66,91,59,74,57,87
Кудрявцева Алла Викторовна,2022,Платное,8.3,353,Экономика,Минская,65,89,66,90,77,91,77,59
Сафонов Михей Фёдорович,2023,Платное,8.6,357,Фармация,Витебская,70,81,61,84,85,70,93,93
Пелагея Ниловна Дементьева,2021,Платное,7.2,350,Психология,Витебская,89,64,93,69,90,86,84,95
Овчинникова Лариса Ниловна,2022,Целевое,8.4,365,Менеджмент,Минск,75,63,56,56,74,94,93,94
Лукин Будимир Федосьевич,2024,Бюджет,8.3,334,Экономика,Могилевская,83,80,73,83,81,84,58,84
Валентин Андреевич Некрасов,2024,Платное,7.3,349,Менеджмент,Брестская,92,87,63,80,65,93,91,70
Антонова Маргарита Эльдаровна,2025,Бюджет,8.3,359,Искусственный интеллект,Минск,70,92,80,92,92,63,89,67
Остап Фролович Архипов,2021,Платное,8.2,354,Фармация,Могилевская,59,94,79,71,73,89,78,89
Устин Арсеньевич Гущин,2021,Целевое,6.8,338,Бухгалтерский учет,Гомельская,84,90,83,86,68,94,70,70
Зоя Даниловна Кошелева,2021,Целевое,6.8,307,Искусственный интеллект,Могилевская,70,73,73,74,78,87,69,62
Виктория Анатольевна Калашникова,2024,Целевое,9.0,334,Информационные системы и технологии,Витебская,70,55,71,74,56,58,86,84
Анна Юрьевна Жданова,2025,Бюджет,8.0,356,Бухгалтерский учет,Брестская,85,81,70,92,86,91,68,93
Ольга Романовна Тетерина,2022,Платное,7.3,329,Психология,Витебская,60,62,93,77,66,71,73,86
Агафонова Вероника Захаровна,2024,Целевое,8.7,363,Международные отношения,Витебская,94,85,63,90,88,63,86,92
Савелий Вилорович Суханов,2025,Платное,7.3,329,Фармация,Минск,72,73,86,78,75,76,91,79
Никанор Игоревич Одинцов,2022,Платное,8.7,359,Бухгалтерский учет,Минск,87,77,64,83,95,61,66,90
Одинцов Мариан Ефимович,2024,Платное,8.5,339,Экономика,Минская,90,70,68,61,65,81,73,83
Сорокина Прасковья Евгеньевна,2025,Целевое,7.2,340,Информационные системы и технологии,Минская,72,86,77,67,89,93,79,65
Ия Рудольфовна Богданова,2025,Целевое,7.9,317,Фармация,Гомельская,89,68,70,62,79,70,65,58
Большаков Пахом Ильясович,2024,Целевое,6.7,342,Бухгалтерский учет,Гродненская,70,63,95,64,90,79,90,79
Фирс Ефимович Виноградов,2023,Целевое,8.6,335,Финансы и кредит,Витебская,78,57,82,79,63,71,84,83
тов. Голубева Феврония Даниловна,2023,Бюджет,7.7,340,Искусственный интеллект,Могилевская,91,92,65,58,60,80,63,64
Милица Геннадиевна Фадеева,2025,Целевое,8.8,330,Информационные системы и технологии,Витебская,63,80,81,65,80,55,72,81
Ефремова Феврония Даниловна,2024,Бюджет,6.6,335,Финансы и кредит,Гомельская,93,89,66,81,59,86,87,66
Лазарева Лора Эдуардовна,2025,Платное,8.9,346,Экономика,Витебская,76,88,73,66,72,81,88,74
Фокин Фока Валерианович,2022,Платное,8.5,321,Психология,Минская,61,55,74,68,87,59,75,73
Надежда Игоревна Кулагина,2024,Бюджет,7.4,345,Стоматология,Могилевская,89,64,63,57,56,90,92,72
Остап Анисимович Федотов,2022,Целевое,7.0,336,Стоматология,Могилевская,60,80,70,58,92,70,75,94
Денисова Ирина Афанасьевна,2024,Платное,8.0,337,Искусственный интеллект,Минск,92,67,80,76,80,65,61,85
Панкрат Елизарович Сорокин,2023,Платное,8.6,349,Информационные системы и технологии,Брестская,66,59,78,63,81,88,94,63
Ульяна Станиславовна Воронова,2025,Целевое,7.1,317,Менеджмент,Минск,74,64,81,84,56,71,71,81
Денисов Тарас Бориславович,2022,Целевое,8.0,358,Экономика,Могилевская,63,78,79,93,92,82,93,89
Тамара Ждановна Рябова,2025,Целевое,7.0,347,Искусственный интеллект,Могилевская,63,70,87,88,95,86,61,94
тов. Алексеев Терентий Антипович,2021,Целевое,7.2,330,Финансы и кредит,Могилевская,58,93,59,94,71,71,70,62
Петухов Савелий Фомич,2021,Платное,7.0,346,Международные отношения,Могилевская,94,90,92,88,60,57,82,85
Лукьян Гордеевич Максимов,2024,Платное,7.5,356,Психология,Брестская,71,95,91,81,94,89,70,92
Вацлав Тарасович Никонов,2022,Целевое,6.8,325,Искусственный интеллект,Минская,77,93,71,73,87,58,58,74
Иларион Абрамович Кабанов,2025,Платное,7.4,344,Менеджмент,Брестская,87,94,75,73,85,89,65,66
Таисия Даниловна Орехова,2023,Целевое,7.6,347,Международные отношения,Минская,86,91,80,66,94,72,64,75
Маргарита Викторовна Самсонова,2023,Бюджет,9.0,354,Бухгалтерский учет,Витебская,64,84,68,80,95,85,55,71
Родионова Валентина Святославовна,2023,Бюджет,6.5,343,Менеджмент,Витебская,89,94,93,91,73,59,58,68
Антип Жанович Субботин,2023,Платное,7.2,343,Финансы и кредит,Гродненская,72,84,91,64,89,61,69,91
Елизавета Евгеньевна Журавлева,2025,Платное,6.8,336,Психология,Минская,58,64,90,91,78,87,56,69
Кудрявцев Пров Харлампьевич,2022,Целевое,8.9,359,Международные отношения,Минск,69,67,92,65,73,72,92,86
Якушев Гурий Ярославович,2025,Бюджет,7.8,351,Менеджмент,Витебская,55,62,91,69,74,63,93,89
Костин Ратибор Аверьянович,2025,Платное,9.0,340,Экономика,Гомельская,92,78,59,63,64,71,58,80
Кабанов Савелий Игнатьевич,2023,Целевое,7.1,338,Бухгалтерский учет,Гомельская,64,70,94,89,69,69,72,84
Александра Геннадьевна Петрова,2022,Целевое,8.4,347,Менеджмент,Могилевская,90,81,74,90,56,61,83,65
Селиверстов Онуфрий Анатольевич,2023,Целевое,8.2,343,Финансы и кредит,Гомельская,66,84,57,83,89,88,75,77
Любовь Богдановна Чернова,2023,Бюджет,7.5,311,Экономика,Гродненская,60,68,75,81,70,78,77,61
Новиков Авдей Якубович,2022,Целевое,7.5,331,Финансы и кредит,Минская,82,71,84,66,81,83,89,65
Кулагина Надежда Болеславовна,2023,Целевое,8.3,342,Экономика,Гродненская,55,64,84,59,68,81,94,55
Дементий Эдгардович Архипов,2023,Целевое,6.9,327,Менеджмент,Минская,86,71,64,94,73,68,78,59
Хохлова Фаина Ждановна,2021,Целевое,7.9,339,Стоматология,Минск,57,58,71,92,92,62,76,76
Панфилова Елизавета Григорьевна,2024,Платное,8.1,348,Финансы и кредит,Могилевская,82,65,56,60,91,94,71,82
Давыдов Януарий Аверьянович,2023,Целевое,7.7,325,Финансы и кредит,Брестская,82,69,76,72,72,57,90,75
Калинина Таисия Мироновна,2024,Бюджет,8.0,331,Международные отношения,Брестская,68,79,64,71,59,86,86,77
Октябрина Федоровна Лазарева,2021,Бюджет,8.1,351,Менеджмент,Минская,93,90,67,64,56,64,86,87
Ирина Евгеньевна Маркова,2022,Целевое,8.9,344,Менеджмент,Гродненская,75,75,85,84,68,86,78,73
Ефимова Ксения Степановна,2021,Бюджет,7.5,348,Информационные системы и технологии,Гомельская,61,61,86,76,88,92,66,93
Кулагина Ульяна Романовна,2025,Бюджет,7.4,328,Фармация,Витебская,73,61,67,66,55,80,83,91
Кудрявцева Валентина Сергеевна,2024,Целевое,8.3,332,Информационные системы и технологии,Минская,76,75,79,86,75,81,82,78
Рожкова Александра Владимировна,2022,Бюджет,8.3,359,Экономика,Гомельская,94,64,89,57,71,85,93,89
Сигизмунд Евстигнеевич Карпов,2022,Целевое,7.8,357,Искусственный интеллект,Витебская,92,74,73,93,83,64,82,94
Никифоров Селиван Глебович,2021,Платное,8.7,342,Международные отношения,Минск,72,58,64,94,60,76,71,85
Фаина Афанасьевна Волкова,2021,Бюджет,8.9,352,Искусственный интеллект,Брестская,92,93,55,72,58,78,73,72
Князев Гремислав Иосипович,2023,Целевое,6.8,299,Менеджмент,Гродненская,57,83,58,71,63,77,66,69
Елизавета Георгиевна Лукина,2022,Платное,7.9,321,Бухгалтерский учет,Минск,72,72,60,74,55,82,86,72
Валентин Измаилович Матвеев,2021,Платное,6.9,341,Искусственный интеллект,Гродненская,78,59,62,72,57,93,84,95
Шубин Александр Герасимович,2025,Целевое,6.8,303,Финансы и кредит,Минск,69,62,63,75,75,85,63,61
Галкин Панкратий Дорофеевич,2025,Платное,7.6,344,Международные отношения,Гродненская,75,77,84,67,93,73,59,91
Роман Тимурович Шарапов,2024,Платное,6.6,321,Экономика,Могилевская,62,92,82,74,73,81,64,59
Шарапов Аристарх Даниилович,2022,Платное,8.8,352,Бухгалтерский учет,Брестская,88,80,70,91,64,85,67,69
Журавлева Клавдия Леонидовна,2022,Целевое,7.9,331,Фармация,Могилевская,82,76,68,86,60,72,70,84
Сысоев Амос Валентинович,2023,Бюджет,8.3,332,Экономика,Витебская,62,61,91,80,75,55,74,78
Бронислав Гордеевич Колесников,2024,Платное,8.3,346,Стоматология,Гомельская,72,55,68,88,64,93,82,82
Кириллов Федор Фадеевич,2024,Целевое,7.8,339,Фармация,Брестская,74,86,75,74,82,93,59,73
Галкина Анастасия Альбертовна,2025,Целевое,8.2,330,Информационные системы и технологии,Брестская,72,83,55,63,84,62,81,72
Давыдова Маргарита Руслановна,2025,Платное,6.9,334,Искусственный интеллект,Брестская,74,87,81,92,86,77,81,76
Романов Артем Глебович,2024,Платное,8.7,350,Экономика,Минск,76,69,94,58,85,84,74,59
Буров Глеб Игнатьевич,2021,Целевое,8.5,343,Искусственный интеллект,Минск,85,70,82,61,68,91,79,56
Ангелина Эльдаровна Симонова,2021,Бюджет,6.6,323,Финансы и кредит,Витебская,71,68,56,62,91,95,65,67
Прасковья Альбертовна Волкова,2021,Бюджет,8.5,338,Экономика,Витебская,67,66,81,57,94,71,62,78
Оксана Владиславовна Алексеева,2022,Целевое,6.7,322,Психология,Могилевская,56,66,78,85,86,59,73,84
Сысоева Феврония Валентиновна,2023,Бюджет,7.4,328,Психология,Витебская,58,56,78,88,57,58,69,88
Матвей Жанович Туров,2024,Платное,8.7,311,Финансы и кредит,Брестская,76,59,61,71,75,58,73,59
Белоусова Светлана Олеговна,2022,Бюджет,6.6,343,Психология,Гродненская,92,83,84,57,83,94,91,56
Регина Рубеновна Шарапова,2022,Целевое,8.4,319,Менеджмент,Брестская,76,80,77,78,67,59,69,66
Калашников Ермил Феофанович,2021,Целевое,7.8,352,Финансы и кредит,Брестская,76,90,82,79,67,90,81,94
Брагина Лукия Феликсовна,2022,Платное,7.2,326,Искусственный интеллект,Минская,57,59,57,91,67,77,86,66
Сорокин Гурий Виленович,2024,Бюджет,8.9,342,Финансы и кредит,Могилевская,66,69,75,92,62,61,74,86
Хохлов Амвросий Власович,2025,Бюджет,7.9,337,Финансы и кредит,Могилевская,94,69,86,78,58,62,68,76
Антип Алексеевич Пономарев,2022,Платное,6.7,325,Менеджмент,Могилевская,59,89,61,81,88,77,61,79
Игнатова Ольга Яковлевна,2022,Платное,7.8,343,Фармация,Брестская,94,73,60,80,59,67,91,80
Филиппов Амос Архипович,2024,Целевое,7.0,351,Искусственный интеллект,Брестская,95,94,92,89,75,89,68,73
Емельянов Мечислав Брониславович,2024,Бюджет,8.5,321,Финансы и кредит,Гомельская,86,62,80,69,67,70,61,56
Мария Наумовна Шарапова,2024,Платное,8.4,355,Менеджмент,Витебская,84,76,76,94,87,90,73,87
София Болеславовна Баранова,2023,Бюджет,6.5,296,Финансы и кредит,Могилевская,55,67,60,70,58,94,61,56
Якушева Варвара Игоревна,2021,Целевое,7.5,330,Менеджмент,Минская,83,75,81,72,77,65,56,91
Нонна Аскольдовна Матвеева,2021,Бюджет,8.8,360,Фармация,Минск,79,55,68,94,84,59,94,74
Павлов Каллистрат Германович,2022,Бюджет,8.1,334,Стоматология,Витебская,55,80,71,87,74,55,86,60
Евгения Аркадьевна Овчинникова,2025,Бюджет,8.9,350,Экономика,Гомельская,75,84,60,91,68,63,86,81
Панкрат Борисович Кудряшов,2023,Бюджет,6.8,343,Экономика,Могилевская,95,70,83,93,79,87,65,85
Фомина Юлия Евгеньевна,2021,Платное,8.7,334,Фармация,Гомельская,87,73,63,75,59,67,85,55
Кузьмин Зосима Евсеевич,2024,Целевое,7.5,340,Психология,Гомельская,66,71,85,85,80,79,90,90
Феврония Игоревна Тихонова,2023,Платное,7.0,336,Искусственный интеллект,Минск,87,87,92,73,79,70,68,70
Кулакова Евгения Ильинична,2023,Платное,7.7,349,Менеджмент,Гродненская,58,85,95,83,59,69,92,66
Шашков Ладимир Фёдорович,2025,Платное,6.9,335,Искусственный интеллект,Гродненская,95,66,92,69,71,69,71,79
Елена Геннадьевна Королева,2021,Платное,7.5,338,Международные отношения,Могилевская,74,76,82,62,87,94,59,70
Вацлав Дмитриевич Авдеев,2024,Целевое,8.1,358,Менеджмент,Минск,86,78,69,93,81,71,92,92
Андрон Викентьевич Макаров,2024,Платное,6.6,342,Менеджмент,Витебская,90,56,76,77,92,94,71,63
Тарасова Олимпиада Геннадьевна,2023,Целевое,6.7,344,Финансы и кредит,Гродненская,94,90,55,82,93,89,77,69
Наталья Вячеславовна Баранова,2025,Платное,8.5,362,Информационные системы и технологии,Гомельская,56,94,55,92,91,83,81,62
Маслова Акулина Наумовна,2025,Целевое,8.8,349,Менеджмент,Гродненская,92,66,60,63,57,74,93,76
Суханова Олимпиада Леоновна,2024,Целевое,6.6,345,Международные отношения,Гродненская,63,93,95,81,91,73,90,91
Белова Татьяна Вячеславовна,2025,Платное,8.9,368,Психология,Витебская,62,89,67,86,94,91,94,57
Кириллов Ладислав Данилович,2022,Бюджет,7.8,339,Психология,Витебская,78,62,80,76,85,81,95,56
Агап Харитонович Суворов,2023,Целевое,8.8,324,Информационные системы и технологии,Гомельская,63,57,93,77,61,59,66,63
Анастасия Константиновна Мартынова,2024,Платное,7.5,349,Психология,Минская,78,76,60,89,91,69,84,94
Гущина Анжела Дмитриевна,2025,Платное,7.3,327,Экономика,Минская,63,87,67,57,77,90,62,71
Галина Эдуардовна Кононова,2025,Целевое,7.6,331,Информационные системы и технологии,Гомельская,62,71,70,78,59,84,86,85
Гришина Прасковья Борисовна,2025,Бюджет,8.8,348,Бухгалтерский учет,Минск,80,93,56,66,60,76,79,87
Тамара Анатольевна Нестерова,2022,Бюджет,6.5,319,Финансы и кредит,Могилевская,72,74,65,84,93,72,56,77
Фокина Тамара Оскаровна,2025,Целевое,8.6,342,Стоматология,Могилевская,65,82,62,65,81,62,93,74
Селезнев Фадей Фадеевич,2023,Платное,7.9,355,Психология,Витебская,56,95,92,65,77,60,88,89
Евсей Марсович Корнилов,2023,Платное,7.9,332,Психология,Гродненская,59,57,75,59,61,86,90,77
Пономарев Евграф Харлампович,2023,Бюджет,8.2,339,Международные отношения,Гродненская,65,77,79,86,89,82,55,60
Радован Гавриилович Петухов,2023,Платное,8.0,357,Бухгалтерский учет,Гомельская,58,66,79,92,89,95,70,90
Некрасов Никандр Матвеевич,2021,Бюджет,9.0,342,Бухгалтерский учет,Брестская,83,80,84,67,77,71,57,85
Пелагея Алексеевна Морозова,2022,Целевое,7.6,319,Искусственный интеллект,Минская,72,84,81,56,72,73,78,56
Полина Григорьевна Стрелкова,2023,Целевое,7.6,296,Фармация,Брестская,67,57,58,82,71,65,64,58
Константинова Ангелина Петровна,2021,Платное,8.0,348,Стоматология,Брестская,81,74,70,56,91,94,55,83
Клавдия Николаевна Шилова,2021,Платное,8.2,358,Стоматология,Витебская,88,61,85,89,74,93,65,94
Геннадий Исидорович Сазонов,2022,Целевое,8.1,347,Бухгалтерский учет,Гомельская,81,77,63,63,87,62,87,92
Лапина Акулина Николаевна,2021,Целевое,7.3,338,Фармация,Минская,81,86,68,85,81,94,65,67
Сергей Ефимович Шарапов,2022,Бюджет,6.6,317,Менеджмент,Брестская,57,70,88,82,79,81,74,61
Белоусов Еремей Геннадиевич,2022,Бюджет,7.5,335,Экономика,Могилевская,60,57,89,93,55,78,78,66
Кулаков Соломон Эдуардович,2021,Платное,7.5,330,Финансы и кредит,Гродненская,79,77,77,90,76,86,65,78
Зинаида Филипповна Куликова,2025,Бюджет,7.1,340,Международные отношения,Витебская,70,85,88,81,69,91,73,90
тов. Беляев Аркадий Владленович,2024,Целевое,8.7,331,Менеджмент,Минск,58,63,87,71,74,63,83,66
Кошелев Евстафий Тимурович,2022,Целевое,6.9,311,Бухгалтерский учет,Гомельская,58,55,61,88,58,75,79,68
Михеев Тарас Андреевич,2025,Целевое,6.6,331,Международные отношения,Гродненская,77,84,86,81,81,59,64,95
Семен Игнатович Зиновьев,2022,Платное,8.8,332,Финансы и кредит,Минск,86,66,75,83,67,60,57,62
Быкова Александра Никифоровна,2022,Целевое,8.1,322,Стоматология,Могилевская,66,73,73,69,80,60,85,76
Терентьева Тамара Ниловна,2025,Платное,7.9,338,Информационные системы и технологии,Витебская,57,87,84,69,73,56,88,55
Селезнева Виктория Аскольдовна,2024,Целевое,7.6,336,Менеджмент,Минская,84,72,60,64,87,57,89,69
Изот Юльевич Ефимов,2021,Платное,8.6,335,Фармация,Гомельская,81,75,88,80,70,68,69,70
г-н Лыткин Фрол Фадеевич,2023,Бюджет,7.4,340,Психология,Витебская,84,94,87,64,85,74,58,65
Носова Анастасия Максимовна,2022,Бюджет,8.9,348,Искусственный интеллект,Гродненская,91,81,62,86,81,62,60,82
тов. Кириллова Татьяна Юльевна,2025,Платное,7.7,332,Менеджмент,Брестская,63,82,85,66,88,68,60,74
Жуков Викентий Фадеевич,2024,Бюджет,7.2,350,Фармация,Минск,56,64,94,63,89,80,95,76
Владилен Антипович Сазонов,2022,Платное,8.8,328,Бухгалтерский учет,Минская,83,72,71,78,78,79,61,69
Василий Евсеевич Денисов,2025,Бюджет,6.8,325,Стоматология,Витебская,73,84,58,78,76,73,95,72
Ковалев Аверьян Гурьевич,2023,Бюджет,7.3,350,Менеджмент,Минск,60,88,95,86,84,83,94,71
Фомичева Полина Антоновна,2024,Целевое,8.7,357,Фармация,Минск,93,82,67,95,79,60,67,67
Шарапова Евфросиния Геннадиевна,2024,Целевое,7.8,341,Искусственный интеллект,Витебская,59,88,79,60,93,62,82,65
Якушев Эрнест Феликсович,2025,Платное,7.1,349,Фармация,Могилевская,74,91,84,87,82,93,75,94
Елена Робертовна Панфилова,2022,Целевое,7.6,348,Искусственный интеллект,Минская,94,58,75,59,73,69,83,95
Шестаков Мартьян Аверьянович,2023,Платное,8.7,342,Экономика,Могилевская,68,70,61,66,56,72,88,95
Новикова Майя Ивановна,2025,Бюджет,8.8,344,Фармация,Гомельская,87,71,82,79,70,82,87,62
Богданов Эрнест Гавриилович,2023,Платное,6.9,342,Психология,Гомельская,80,88,70,77,67,74,92,93
Максимильян Терентьевич Кузьмин,2022,Платное,8.7,354,Стоматология,Минск,94,62,70,74,68,80,80,93
Никифор Изотович Устинов,2021,Целевое,8.5,341,Искусственный интеллект,Гомельская,71,78,80,80,85,78,56,91
Федосеев Еремей Глебович,2023,Бюджет,7.3,354,Стоматология,Минская,58,84,73,76,94,68,92,95
Русаков Борис Артёмович,2024,Целевое,8.9,343,Менеджмент,Гродненская,77,89,88,56,62,61,70,70
Ефремов Емельян Анатольевич,2023,Платное,8.3,310,Менеджмент,Брестская,57,79,57,65,67,74,74,68
Афанасьева Марфа Харитоновна,2022,Целевое,6.8,297,Фармация,Могилевская,63,63,76,71,67,60,63,82
Фролова Лидия Натановна,2025,Бюджет,7.8,354,Международные отношения,Минск,91,78,62,74,91,58,94,64
Василиса Николаевна Ситникова,2023,Целевое,7.2,337,Международные отношения,Минская,77,67,74,95,73,93,61,65
Акулина Ниловна Князева,2021,Целевое,8.7,342,Бухгалтерский учет,Витебская,57,84,94,68,74,66,77,72
Иннокентий Дмитриевич Тарасов,2023,Целевое,6.9,329,Международные отношения,Минск,90,74,86,81,84,57,76,62
Анжелика Аркадьевна Овчинникова,2022,Бюджет,8.1,297,Фармация,Минск,55,57,76,64,69,71,56,57
Чернов Гостомысл Васильевич,2022,Бюджет,6.7,335,Информационные системы и технологии,Гомельская,55,94,73,76,88,72,86,79
Корнилов Милен Васильевич,2023,Целевое,8.1,335,Финансы и кредит,Брестская,66,86,72,69,71,73,95,64
Захаров Ратибор Филимонович,2021,Платное,7.1,339,Бухгалтерский учет,Брестская,95,76,77,87,82,85,86,85
Вацлав Геннадиевич Кондратьев,2024,Бюджет,9.0,348,Менеджмент,Минская,56,68,88,66,73,82,68,88
Андроник Якубович Авдеев,2024,Целевое,6.9,322,Искусственный интеллект,Витебская,87,59,60,59,90,55,76,58
Селиван Эдуардович Панов,2023,Платное,8.9,346,Искусственный интеллект,Гомельская,59,78,86,57,60,83,88,63
Иванова Зинаида Аскольдовна,2023,Целевое,6.9,344,Международные отношения,Гомельская,78,78,78,61,95,89,77,91
Голубева Светлана Юрьевна,2024,Бюджет,7.1,346,Информационные системы и технологии,Могилевская,90,70,67,95,67,87,90,56
г-н Горшков Никон Федотович,2023,Целевое,7.5,313,Экономика,Минск,77,69,69,60,72,60,89,58
тов. Туров Рюрик Ильясович,2025,Целевое,8.1,359,Информационные системы и технологии,Гродненская,94,55,60,57,77,63,94,90
Владлен Иосифович Тетерин,2021,Целевое,7.8,341,Финансы и кредит,Гродненская,78,67,60,68,94,91,67,69
Тамара Константиновна Белоусова,2024,Платное,6.7,346,Экономика,Гомельская,86,93,92,63,94,85,61,88
Пров Жанович Гусев,2021,Целевое,6.9,322,Экономика,Могилевская,79,55,70,64,68,95,65,79
Волков Семен Филиппович,2021,Бюджет,6.6,338,Стоматология,Минская,71,93,84,71,95,59,63,69
Святослав Иларионович Игнатов,2024,Платное,8.5,350,Менеджмент,Гомельская,77,83,93,89,83,69,73,62
Казимир Филимонович Рогов,2023,Целевое,8.5,351,Экономика,Минская,59,85,57,62,75,65,87,94
Кабанов Назар Гурьевич,2025,Платное,7.1,337,Финансы и кредит,Гомельская,67,69,83,67,91,73,92,55
Бурова Лидия Анатольевна,2024,Платное,8.9,351,Информационные системы и технологии,Брестская,66,76,66,92,67,94,64,76
Автоном Ефимович Суворов,2022,Платное,6.7,339,Бухгалтерский учет,Минск,70,90,95,87,55,60,63,72
Коновалов Ипат Жанович,2023,Бюджет,7.8,339,Психология,Минск,86,59,65,81,78,87,88,83
Агафья Оскаровна Прохорова,2023,Бюджет,8.2,352,Бухгалтерский учет,Витебская,94,80,75,85,91,71,70,58
Журавлева Иванна Николаевна,2021,Платное,8.2,347,Международные отношения,Брестская,68,76,63,85,86,79,94,57
Одинцов Игнатий Давыдович,2024,Платное,7.9,362,Менеджмент,Могилевская,58,88,56,94,68,95,83,94
Ангелина Болеславовна Белякова,2021,Бюджет,8.6,329,Психология,Минск,66,86,58,74,60,62,83,57
Филимон Вилорович Денисов,2023,Целевое,8.5,333,Искусственный интеллект,Витебская,84,76,63,78,65,59,86,77
Гурьева Наталья Геннадьевна,2024,Платное,9.0,355,Стоматология,Минск,58,69,88,88,87,84,89,86
Варвара Станиславовна Полякова,2024,Платное,7.7,331,Информационные системы и технологии,Гродненская,56,68,62,59,62,74,85,95
Данилова Алевтина Романовна,2022,Платное,6.9,333,Финансы и кредит,Гродненская,80,78,64,56,82,88,78,94
Фадей Иосифович Александров,2023,Бюджет,7.0,331,Стоматология,Витебская,66,84,85,62,74,91,57,85
Трофимов Болеслав Бориславович,2022,Целевое,7.8,348,Бухгалтерский учет,Гомельская,75,84,90,92,88,82,62,71
Аполлон Игоревич Лебедев,2024,Целевое,7.2,321,Искусственный интеллект,Минск,58,69,59,56,90,88,66,71
Сорокина Ульяна Филипповна,2023,Платное,8.1,331,Фармация,Минск,80,66,64,85,61,75,58,85
Викентий Антипович Тарасов,2024,Целевое,6.8,336,Стоматология,Гомельская,78,80,79,93,65,73,81,94
Давыдов Юлий Филимонович,2025,Целевое,6.5,329,Искусственный интеллект,Гомельская,79,94,73,65,86,81,84,82
Прокл Эдгардович Артемьев,2022,Целевое,7.4,343,Экономика,Минская,78,87,92,69,90,65,84,60
Агафон Филиппович Моисеев,2021,Платное,8.6,333,Информационные системы и технологии,Гомельская,68,63,70,56,73,63,81,93
Петров Илья Филатович,2021,Платное,6.6,330,Экономика,Минск,76,73,69,83,64,60,91,90
Суворов Ипат Еремеевич,2022,Платное,7.9,321,Информационные системы и технологии,Гомельская,58,71,64,68,73,75,89,78
Колобов Пантелеймон Ефимович,2021,Платное,6.6,315,Искусственный интеллект,Гомельская,73,73,72,58,82,87,55,80
Марк Августович Елисеев,2022,Платное,6.7,326,Психология,Гродненская,93,77,65,75,89,57,60,63
Ефимов Эрнст Демидович,2025,Целевое,8.4,364,Информационные системы и технологии,Витебская,58,95,62,79,92,93,56,84
Анастасия Валентиновна Горбунова,2023,Платное,8.3,335,Искусственный интеллект,Гомельская,89,56,79,84,72,60,65,72
Павел Гордеевич Горбунов,2021,Бюджет,7.2,327,Психология,Минская,70,62,82,83,76,70,81,90
Андрон Артёмович Пономарев,2023,Целевое,6.9,330,Фармация,Минск,74,80,89,60,58,92,74,59
Надежда Макаровна Мухина,2023,Бюджет,7.2,346,Бухгалтерский учет,Брестская,88,57,61,95,65,85,64,91
Анжела Альбертовна Аксенова,2025,Бюджет,6.6,293,Финансы и кредит,Минск,74,74,79,55,59,70,57,57
Трофимова Фаина Святославовна,2021,Платное,7.6,338,Психология,Могилевская,81,92,82,74,80,88,82,56
Иннокентий Фомич Никонов,2024,Целевое,7.6,352,Менеджмент,Минск,91,59,67,90,67,95,69,59
Евфросиния Геннадиевна Пахомова,2022,Платное,6.6,299,Международные отношения,Минск,63,80,73,80,69,65,59,69
Блинова Варвара Григорьевна,2022,Бюджет,7.0,344,Менеджмент,Брестская,66,92,60,62,55,70,88,94
г-н Волков Анисим Елисеевич,2025,Бюджет,7.9,362,Финансы и кредит,Могилевская,95,80,94,66,62,94,55,80
Жанна Максимовна Миронова,2021,Целевое,8.5,357,Бухгалтерский учет,Минск,80,73,90,58,93,71,89,89
г-жа Титова Клавдия Юльевна,2023,Бюджет,7.8,324,Финансы и кредит,Брестская,75,76,68,89,61,71,81,63
Ратмир Ильясович Михеев,2023,Платное,6.6,328,Менеджмент,Минская,80,57,83,94,57,85,66,68
Варвара Феликсовна Киселева,2021,Бюджет,7.5,315,Финансы и кредит,Брестская,73,82,60,68,63,77,81,58
Петров Тимур Валерианович,2025,Платное,8.1,361,Искусственный интеллект,Гомельская,92,88,93,83,75,70,95,65
Воробьева Ангелина Ниловна,2021,Платное,8.0,342,Финансы и кредит,Могилевская,79,74,90,72,89,83,74,67
Рожков Евгений Владиленович,2021,Целевое,8.0,327,Менеджмент,Гомельская,81,87,75,79,62,60,57,74
Лазарь Владиславович Шаров,2024,Целевое,8.9,360,Международные отношения,Витебская,83,55,74,74,93,66,95,72
Константин Данилович Цветков,2025,Целевое,7.2,335,Экономика,Минская,88,68,83,86,75,68,77,89
Савина Регина Оскаровна,2025,Бюджет,7.4,321,Финансы и кредит,Гомельская,67,68,66,81,79,81,85,69
Терентий Харламович Авдеев,2022,Платное,8.1,346,Финансы и кредит,Гомельская,89,79,64,65,89,87,63,67
Мстислав Вилорович Кузьмин,2024,Платное,8.2,360,Бухгалтерский учет,Гомельская,67,73,59,94,86,93,91,73
Сафонова Татьяна Ждановна,2022,Платное,6.9,340,Стоматология,Минск,75,88,68,74,91,64,92,88
Самсонова Елизавета Григорьевна,2022,Целевое,8.7,334,Стоматология,Гродненская,68,83,67,58,81,75,83,61
Амвросий Антипович Кулагин,2021,Целевое,8.6,340,Информационные системы и технологии,Минская,71,77,87,65,72,90,75,64
Феврония Афанасьевна Тихонова,2021,Платное,8.2,334,Бухгалтерский учет,Гомельская,79,73,84,63,71,79,89,62
Носова Агафья Харитоновна,2025,Бюджет,7.8,333,Финансы и кредит,Брестская,62,57,93,72,89,55,55,73
Смирнов Ерофей Ануфриевич,2024,Платное,6.6,338,Менеджмент,Витебская,88,69,69,73,94,85,90,81
Смирнов Лонгин Харлампович,2025,Платное,7.0,328,Менеджмент,Минская,85,75,95,78,65,58,64,72
Кондрат Юлианович Соколов,2023,Бюджет,6.5,334,Стоматология,Могилевская,85,70,88,75,93,86,88,84
Прасковья Егоровна Веселова,2022,Платное,7.7,346,Искусственный интеллект,Брестская,88,68,88,86,84,57,93,72
Орехова Елизавета Геннадиевна,2021,Целевое,7.3,339,Стоматология,Гомельская,65,86,83,94,73,57,86,65
Никифоров Доброслав Феликсович,2024,Бюджет,7.9,336,Международные отношения,Минская,82,77,59,81,94,76,79,67
Ферапонт Денисович Беляков,2024,Целевое,7.7,333,Менеджмент,Брестская,76,85,72,64,86,85,64,59
Денисова Фаина Натановна,2021,Платное,6.6,324,Экономика,Минская,80,80,79,60,87,71,66,91
Афанасьева Варвара Владиславовна,2021,Целевое,8.6,336,Информационные системы и технологии,Витебская,70,76,83,80,71,59,66,87
Громов Мирон Измаилович,2025,Платное,6.8,320,Менеджмент,Минск,73,86,57,80,73,58,86,62
Егоров Федор Федосеевич,2025,Бюджет,9.0,357,Международные отношения,Гродненская,87,93,87,58,70,78,85,60
Изяслав Чеславович Исаев,2024,Целевое,7.4,318,Менеджмент,Гомельская,66,72,78,70,70,87,79,63
Анисимова Синклитикия Олеговна,2023,Платное,6.9,346,Экономика,Витебская,81,61,91,67,62,93,62,93
Арсений Терентьевич Марков,2025,Целевое,7.7,301,Международные отношения,Могилевская,61,70,66,84,64,59,67,70
Суханов Станимир Эдгардович,2022,Платное,9.0,332,Бухгалтерский учет,Витебская,55,88,61,58,61,86,68,62
Нина Рудольфовна Бурова,2024,Платное,7.3,341,Международные отношения,Витебская,95,93,57,59,62,56,66,80
Арсений Демьянович Куликов,2022,Целевое,8.2,341,Менеджмент,Витебская,83,91,62,69,73,70,85,57
Варвара Вячеславовна Силина,2022,Платное,8.5,352,Информационные системы и технологии,Витебская,68,75,89,93,85,68,61,74
Ипполит Валерьевич Сафонов,2025,Бюджет,7.4,356,Международные отношения,Брестская,94,76,72,95,77,88,75,93
Нина Борисовна Панфилова,2023,Целевое,8.1,318,Международные отношения,Брестская,74,62,81,70,60,73,82,73
Гостомысл Фадеевич Соболев,2025,Целевое,6.6,343,Менеджмент,Могилевская,74,94,72,90,93,59,71,68
Сергеева Майя Ильинична,2023,Бюджет,7.4,328,Стоматология,Минск,71,86,85,71,82,74,75,83
Оксана Николаевна Бурова,2024,Целевое,7.7,351,Искусственный интеллект,Могилевская,83,71,81,62,87,71,95,92
Лукия Евгеньевна Федосеева,2024,Платное,7.2,320,Искусственный интеллект,Гродненская,75,78,79,77,85,67,56,84
Селиван Филимонович Воронцов,2022,Платное,7.5,353,Искусственный интеллект,Могилевская,70,95,75,57,74,89,94,84
Молчанов Демьян Венедиктович,2024,Платное,7.0,334,Психология,Минск,83,90,69,88,70,73,86,55
Комаров Богдан Теймуразович,2023,Платное,8.3,345,Психология,Минск,61,90,82,56,69,90,71,76
Нифонт Устинович Коновалов,2024,Бюджет,7.8,329,Менеджмент,Витебская,88,65,61,78,60,69,78,85
Соболева Жанна Степановна,2023,Бюджет,8.4,347,Финансы и кредит,Могилевская,71,80,83,82,60,68,95,85
Субботин Кир Давыдович,2025,Платное,8.3,311,Экономика,Гродненская,70,65,67,72,70,55,57,86
Александра Афанасьевна Суханова,2024,Бюджет,7.0,307,Экономика,Могилевская,72,78,79,74,70,80,75,73
Вениамин Брониславович Устинов,2024,Платное,7.6,327,Бухгалтерский учет,Могилевская,58,80,72,82,84,65,65,85
Кононова Акулина Рудольфовна,2022,Целевое,7.7,353,Стоматология,Витебская,56,74,66,93,92,76,64,91
Ефремова Вероника Богдановна,2024,Платное,7.8,342,Стоматология,Гомельская,60,84,94,81,86,72,68,64
Пелагея Феликсовна Нестерова,2024,Целевое,7.8,340,Экономика,Могилевская,88,58,68,71,89,55,75,85
Пелагея Юльевна Маркова,2025,Целевое,7.3,342,Искусственный интеллект,Могилевская,74,81,67,91,57,88,90,57
Виктор Матвеевич Ситников,2023,Бюджет,6.5,322,Стоматология,Брестская,87,87,83,66,66,62,71,79
Павлов Христофор Гаврилович,2024,Платное,7.4,346,Информационные системы и технологии,Гомельская,94,57,61,84,94,66,79,70
Раиса Ивановна Селезнева,2022,Платное,7.6,307,Психология,Гродненская,62,73,69,80,59,62,78,68
Евгений Евстигнеевич Зайцев,2022,Бюджет,7.9,344,Менеджмент,Витебская,69,87,70,69,57,67,88,90
Севастьян Викторович Кузнецов,2022,Целевое,7.3,349,Стоматология,Витебская,90,95,57,90,74,56,67,91
Агата Кузьминична Дроздова,2021,Целевое,8.9,329,Финансы и кредит,Гомельская,78,73,66,85,57,77,72,76
Надежда Михайловна Кабанова,2023,Целевое,7.5,307,Стоматология,Могилевская,77,69,74,58,72,64,81,73
Анжелика Эдуардовна Игнатова,2021,Бюджет,6.9,345,Психология,Могилевская,91,73,75,61,93,84,92,57
Николаев Владилен Изотович,2021,Платное,8.9,328,Экономика,Гродненская,70,66,58,72,78,89,63,70
Наина Николаевна Ефремова,2024,Бюджет,7.0,322,Стоматология,Минск,73,90,75,68,57,66,58,87
Егоров Евдоким Евстигнеевич,2023,Платное,7.1,346,Искусственный интеллект,Могилевская,66,90,81,90,62,83,92,93
Андреева Таисия Святославовна,2025,Платное,6.8,334,Бухгалтерский учет,Гомельская,72,93,73,77,88,74,70,85
Селиверстов Панкрат Яковлевич,2025,Бюджет,8.9,316,Менеджмент,Минск,55,56,65,68,77,81,60,69
Белоусов Адриан Антонович,2023,Платное,8.0,344,Бухгалтерский учет,Минск,84,76,61,92,63,88,64,81
Третьякова Евгения Артемовна,2025,Целевое,6.5,296,Экономика,Минск,62,76,78,74,71,77,63,69
Фролов Аким Ефимьевич,2021,Бюджет,8.3,357,Стоматология,Минская,71,90,89,62,75,95,72,69
Михеев Яков Виленович,2024,Целевое,8.9,370,Международные отношения,Могилевская,93,68,75,85,69,87,94,94
Севастьян Тимурович Голубев,2023,Целевое,7.3,352,Искусственный интеллект,Могилевская,95,77,93,91,67,82,88,79
г-жа Симонова Александра Николаевна,2023,Бюджет,6.9,341,Искусственный интеллект,Минская,84,76,93,76,93,74,86,73
Галактион Ермолаевич Елисеев,2023,Платное,7.5,312,Международные отношения,Минск,78,68,64,55,77,70,82,65
Иларион Феофанович Кириллов,2022,Платное,8.7,339,Финансы и кредит,Минская,79,74,76,71,82,91,75,55
Поляков Ферапонт Валерьянович,2021,Платное,8.3,322,Международные отношения,Гродненская,65,83,70,80,76,69,65,58
Кудрявцев Всемил Денисович,2024,Платное,8.3,308,Бухгалтерский учет,Гомельская,62,66,60,68,64,65,61,91
Лазарь Викентьевич Прохоров,2024,Бюджет,8.0,325,Информационные системы и технологии,Витебская,70,59,69,94,58,71,64,80
Логинов Исай Матвеевич,2021,Целевое,6.5,311,Информационные системы и технологии,Гомельская,78,81,61,79,74,60,86,64
Родионова Кира Рубеновна,2022,Целевое,9.0,327,Информационные системы и технологии,Витебская,59,67,62,89,60,78,63,70
Борис Устинович Лобанов,2023,Целевое,7.7,338,Психология,Минск,61,78,83,82,83,95,78,80
Шарапова Вера Дмитриевна,2021,Платное,7.9,341,Искусственный интеллект,Брестская,62,81,91,71,66,78,59,90
Мина Марсович Ситников,2024,Платное,8.2,342,Менеджмент,Могилевская,79,61,90,84,86,66,73,83
Фадеев Соломон Германович,2021,Целевое,6.7,314,Искусственный интеллект,Гродненская,57,62,64,60,75,66,94,78
Веселова Виктория Эльдаровна,2025,Платное,6.9,328,Стоматология,Витебская,79,56,77,55,86,94,64,56
Дмитриев Гостомысл Фокич,2023,Бюджет,8.5,359,Искусственный интеллект,Брестская,72,61,73,89,92,93,67,58
Никонов Ладимир Афанасьевич,2024,Целевое,7.8,343,Бухгалтерский учет,Минская,67,79,92,63,71,94,61,70
Измаил Антипович Носков,2022,Бюджет,9.0,354,Финансы и кредит,Витебская,63,93,75,65,77,61,94,65
Лидия Ефимовна Зуева,2024,Целевое,6.7,305,Менеджмент,Минская,75,60,55,57,58,70,93,56
Светлана Александровна Воробьева,2022,Целевое,8.6,342,Бухгалтерский учет,Витебская,88,87,63,73,66,73,77,81
Капустина Нинель Наумовна,2023,Целевое,7.0,336,Бухгалтерский учет,Могилевская,75,65,91,85,90,82,79,78
Шестаков Феоктист Демидович,2023,Целевое,7.5,333,Бухгалтерский учет,Гомельская,94,74,69,90,59,63,74,62
Борис Эдгарович Григорьев,2024,Платное,6.7,327,Искусственный интеллект,Витебская,92,84,84,78,63,55,70,71
Фролова Евдокия Михайловна,2024,Бюджет,7.1,335,Стоматология,Могилевская,77,95,58,92,57,70,75,69
Исаева Лариса Аркадьевна,2025,Бюджет,8.3,295,Экономика,Витебская,68,65,59,69,56,68,55,75
Сазонова Таисия Владиславовна,2021,Бюджет,8.4,355,Стоматология,Минская,70,60,84,67,92,80,71,95
Миронова Дарья Артемовна,2025,Платное,8.3,348,Стоматология,Минск,65,91,66,73,95,79,59,67
Ипат Феодосьевич Молчанов,2021,Бюджет,6.6,315,Фармация,Гродненская,89,77,58,60,60,67,83,73
Никодим Федотович Андреев,2025,Бюджет,8.2,314,Бухгалтерский учет,Брестская,79,78,75,55,72,67,66,74
Лавр Адамович Логинов,2021,Целевое,7.3,344,Фармация,Минская,74,55,76,93,66,79,91,87
Александрова Лариса Федоровна,2022,Бюджет,8.0,346,Финансы и кредит,Минская,95,66,79,82,89,65,77,57
Игорь Августович Кононов,2021,Платное,7.0,328,Психология,Брестская,64,90,71,78,56,55,85,83
Комиссарова Татьяна Ивановна,2025,Платное,7.9,320,Экономика,Могилевская,66,67,69,81,70,67,90,62
Лонгин Ефремович Борисов,2022,Бюджет,8.5,347,Фармация,Минская,58,83,68,66,93,84,83,85
Устинов Юлий Игнатович,2021,Целевое,8.4,362,Международные отношения,Минск,76,59,62,92,76,91,95,90
Куликова Феврония Максимовна,2024,Целевое,8.6,343,Экономика,Брестская,81,72,87,65,71,65,76,89
Михайлова Олимпиада Ждановна,2021,Целевое,7.6,348,Международные отношения,Гродненская,63,55,92,83,87,64,91,89
Лобанов Викторин Германович,2021,Бюджет,8.8,335,Информационные системы и технологии,Гродненская,59,91,87,69,58,64,56,63
Иванна Антоновна Тимофеева,2023,Бюджет,7.1,311,Информационные системы и технологии,Могилевская,74,68,77,66,65,55,87,76
Жанна Вячеславовна Гурьева,2024,Платное,8.5,355,Менеджмент,Витебская,92,85,69,71,65,84,93,85
Макаров Анатолий Феоктистович,2024,Целевое,8.9,335,Финансы и кредит,Могилевская,58,60,75,65,64,77,94,69
Максимов Никифор Иларионович,2024,Бюджет,7.4,327,Экономика,Минская,83,95,73,60,66,75,72,69
Карпова Анжелика Алексеевна,2022,Целевое,8.4,349,Искусственный интеллект,Минская,93,66,59,90,80,56,82,68
Цветкова Ирина Петровна,2024,Целевое,7.2,326,Бухгалтерский учет,Минская,55,87,82,80,72,68,85,59
Лапина Татьяна Леонидовна,2025,Целевое,8.7,352,Стоматология,Брестская,66,94,78,59,74,69,93,70
Октябрина Кирилловна Михеева,2025,Бюджет,8.5,342,Информационные системы и технологии,Минская,88,79,56,71,87,80,70,82
Антип Гурьевич Романов,2025,Платное,8.8,319,Информационные системы и технологии,Минск,71,61,62,58,57,61,95,65
Евгения Руслановна Кабанова,2024,Бюджет,8.8,322,Бухгалтерский учет,Витебская,64,67,71,94,67,64,69,57
Устинова Элеонора Васильевна,2022,Платное,6.8,312,Бухгалтерский учет,Гомельская,61,72,81,88,70,75,67,65
Варвара Геннадьевна Данилова,2021,Целевое,8.3,342,Бухгалтерский учет,Брестская,79,63,64,89,91,68,61,72
Евпраксия Никифоровна Меркушева,2022,Платное,7.4,335,Психология,Гродненская,90,60,61,70,79,70,86,85
Савина Акулина Матвеевна,2021,Платное,8.1,323,Психология,Могилевская,85,63,66,59,72,80,60,77
Евпраксия Викторовна Архипова,2022,Платное,7.0,334,Психология,Гродненская,84,71,94,86,70,61,59,84
Горбунов Кондрат Евстигнеевич,2023,Бюджет,7.4,338,Международные отношения,Могилевская,56,56,55,67,95,82,57,87
Морозова Агата Альбертовна,2025,Бюджет,7.0,306,Финансы и кредит,Брестская,77,69,76,55,65,72,83,58
Ия Семеновна Шашкова,2025,Бюджет,7.4,329,Финансы и кредит,Брестская,59,81,57,83,90,67,82,67
Викторин Елисеевич Николаев,2025,Платное,6.6,329,Информационные системы и технологии,Могилевская,59,84,81,74,94,57,85,68
Карп Фокич Тетерин,2021,Бюджет,6.8,338,Информационные системы и технологии,Витебская,92,65,85,93,64,81,75,85
Ярослав Васильевич Медведев,2021,Платное,7.4,328,Фармация,Витебская,74,72,80,57,81,77,88,85
Веселов Владислав Брониславович,2025,Целевое,7.6,332,Психология,Могилевская,64,76,95,74,74,71,85,76
Аникей Эдуардович Исаев,2025,Бюджет,8.8,359,Международные отношения,Витебская,89,84,60,87,95,68,65,82
Фортунат Глебович Воронцов,2022,Целевое,7.7,346,Бухгалтерский учет,Гродненская,75,66,95,85,69,89,79,71
Ксения Ильинична Шестакова,2025,Платное,7.4,345,Экономика,Могилевская,78,95,73,71,86,67,90,58
Милица Вячеславовна Юдина,2023,Целевое,8.3,354,Искусственный интеллект,Витебская,73,89,85,70,92,69,66,90
Прохор Арсенович Веселов,2024,Платное,7.0,321,Искусственный интеллект,Минская,73,75,68,88,88,55,59,64
Чеслав Авдеевич Федоров,2024,Бюджет,7.5,324,Международные отношения,Минск,62,66,60,72,65,92,85,72
Елена Руслановна Гаврилова,2024,Целевое,8.6,318,Искусственный интеллект,Гомельская,80,65,79,73,63,66,69,70
Афиноген Евсеевич Беспалов,2022,Платное,8.0,347,Международные отношения,Гродненская,90,82,66,89,66,68,88,87
Горбунова Эмилия Григорьевна,2025,Платное,9.0,342,Менеджмент,Витебская,56,93,78,78,81,59,76,73
Евфросиния Робертовна Кузьмина,2025,Целевое,7.6,342,Международные отношения,Витебская,66,95,85,64,59,75,85,86
Дементий Филимонович Титов,2025,Платное,6.6,311,Финансы и кредит,Минск,76,80,89,67,58,63,59,55
Воронов Модест Архипович,2023,Бюджет,8.6,342,Международные отношения,Витебская,59,82,67,80,94,69,71,72
Трофим Артурович Доронин,2022,Целевое,8.7,367,Информационные системы и технологии,Гродненская,59,94,70,90,93,87,90,93
Данилов Казимир Бориславович,2022,Целевое,7.2,329,Международные отношения,Минская,62,55,82,91,72,84,76,61
Мартынов Милен Фомич,2022,Бюджет,6.6,321,Психология,Гродненская,70,78,88,57,85,82,82,75
Борисов Герман Геннадиевич,2021,Бюджет,7.2,322,Бухгалтерский учет,Брестская,55,85,73,86,79,79,73,69
Мария Степановна Кузьмина,2021,Платное,7.2,352,Искусственный интеллект,Витебская,92,63,70,93,55,95,69,89
Козлов Эммануил Архипович,2022,Платное,8.6,359,Международные отношения,Минск,81,57,94,72,70,92,87,70
Лукия Геннадиевна Жукова,2025,Целевое,7.2,347,Международные отношения,Витебская,64,84,94,75,83,58,94,87
Регина Станиславовна Рожкова,2024,Целевое,6.8,339,Финансы и кредит,Могилевская,74,70,89,70,88,94,82,70
Зоя Анатольевна Воронова,2022,Платное,7.7,329,Стоматология,Брестская,58,84,68,77,59,91,74,65
Аггей Валерьевич Орехов,2021,Целевое,8.2,336,Информационные системы и технологии,Минская,85,72,66,95,61,68,63,74
Логинов Виктор Арсеньевич,2021,Целевое,8.2,342,Психология,Гомельская,63,94,83,69,83,80,55,74
Кузнецова Иванна Сергеевна,2023,Целевое,8.2,350,Фармация,Минская,85,76,72,95,83,88,70,77
Нина Ильинична Щукина,2022,Платное,8.4,350,Финансы и кредит,Минск,60,79,78,89,88,89,66,83
Агафья Александровна Жукова,2024,Целевое,8.1,331,Стоматология,Гродненская,77,71,64,58,84,82,56,84
Ильин Валерьян Феофанович,2021,Бюджет,8.4,344,Фармация,Гомельская,82,83,61,76,85,92,75,68
Савельев Ратибор Елизарович,2022,Платное,7.7,343,Финансы и кредит,Витебская,79,55,83,74,94,88,84,79
Фёкла Рудольфовна Харитонова,2023,Целевое,8.7,324,Информационные системы и технологии,Минск,64,71,77,62,78,70,80,79
Дьячкова Евфросиния Рубеновна,2021,Целевое,8.0,344,Бухгалтерский учет,Витебская,55,85,89,77,90,68,79,84
Глафира Станиславовна Комиссарова,2023,Платное,8.3,337,Психология,Гомельская,78,59,82,94,75,55,72,78
Кондратьева Нонна Леоновна,2022,Бюджет,8.0,324,Стоматология,Гомельская,83,62,71,77,74,84,57,58
Елена Аркадьевна Шарапова,2024,Платное,7.0,338,Экономика,Гродненская,71,95,68,74,69,90,59,83
Епифан Адамович Блинов,2023,Целевое,7.0,311,Финансы и кредит,Брестская,73,60,73,85,61,71,65,83
Ефремов Евдоким Феликсович,2024,Платное,7.9,303,Фармация,Гродненская,78,73,61,66,61,61,73,55
Дементьев Карл Феоктистович,2025,Платное,8.6,331,Финансы и кредит,Гомельская,79,55,77,57,56,84,76,82
Большакова Лидия Харитоновна,2024,Платное,8.6,335,Стоматология,Витебская,73,74,70,81,90,78,72,61
Валентина Борисовна Петухова,2022,Целевое,7.0,337,Финансы и кредит,Минская,61,65,75,57,88,86,63,93
Андроник Юлианович Ширяев,2023,Платное,8.3,339,Стоматология,Гомельская,71,91,59,56,80,60,85,76
Киселев Фадей Яковлевич,2022,Платное,6.7,320,Бухгалтерский учет,Брестская,78,74,58,92,83,72,56,59
Нестеров Август Всеволодович,2022,Целевое,8.7,351,Экономика,Гомельская,57,75,85,86,67,92,82,86
Лидия Алексеевна Бобылева,2022,Целевое,8.4,332,Стоматология,Минская,71,91,73,83,63,64,62,74
Прокофий Архипович Белоусов,2023,Платное,7.5,344,Бухгалтерский учет,Могилевская,81,93,71,59,86,72,84,90
Юдин Селиверст Эдуардович,2025,Целевое,8.8,337,Экономика,Витебская,74,92,72,81,76,72,63,66
Воронов Самуил Трифонович,2022,Целевое,7.5,334,Финансы и кредит,Гомельская,70,64,68,57,84,94,63,81
Бурова Ираида Владиславовна,2024,Бюджет,7.3,324,Фармация,Могилевская,66,67,88,69,73,90,68,55
Надежда Захаровна Стрелкова,2023,Платное,7.0,340,Фармация,Гродненская,70,94,82,69,94,61,75,72
Епифан Артемьевич Фомичев,2024,Платное,7.0,313,Информационные системы и технологии,Брестская,57,66,58,89,67,80,73,74
Радим Аксёнович Большаков,2025,Бюджет,8.7,349,Стоматология,Брестская,84,60,62,90,64,88,69,57
Нинель Владиславовна Жданова,2024,Целевое,8.3,339,Менеджмент,Минская,78,58,60,84,57,94,69,64
Елизавета Альбертовна Гаврилова,2024,Целевое,7.9,334,Экономика,Гомельская,63,73,71,74,71,57,86,95
Антонин Юлианович Гурьев,2022,Платное,8.7,351,Психология,Гомельская,63,92,85,65,87,81,55,64
Егор Филимонович Коновалов,2023,Платное,8.1,326,Финансы и кредит,Минск,68,78,80,67,87,78,72,71
Корнилов Митофан Алексеевич,2021,Платное,8.4,347,Стоматология,Брестская,81,80,72,77,93,62,89,73
Алла Робертовна Гуляева,2024,Целевое,6.7,330,Стоматология,Брестская,59,61,84,70,79,84,95,67
Марков Лукьян Денисович,2023,Платное,7.5,312,Экономика,Брестская,83,58,71,76,78,60,75,55
Онуфрий Иларионович Красильников,2022,Целевое,8.6,349,Экономика,Витебская,85,87,79,59,87,88,79,88
Демид Федотович Сафонов,2022,Целевое,7.0,348,Менеджмент,Брестская,84,59,88,94,73,62,94,90
Агата Андреевна Селезнева,2023,Платное,7.0,324,Искусственный интеллект,Гомельская,82,66,86,76,85,83,71,83
Копылов Мартьян Ермолаевич,2024,Бюджет,7.5,346,Стоматология,Витебская,89,88,69,81,64,94,84,64
Еремей Игоревич Прохоров,2021,Целевое,7.0,324,Стоматология,Гомельская,87,57,75,81,74,79,86,60
Евфросиния Егоровна Кудрявцева,2024,Целевое,8.4,366,Бухгалтерский учет,Минск,76,60,95,94,93,76,88,64
Щербакова Евфросиния Ефимовна,2021,Бюджет,8.7,349,Бухгалтерский учет,Минск,85,83,67,76,94,57,55,57
Волков Аггей Бориславович,2025,Целевое,7.0,344,Искусственный интеллект,Минская,90,87,94,83,87,85,90,63
Уварова Вера Альбертовна,2021,Бюджет,8.9,345,Бухгалтерский учет,Минская,85,86,85,76,80,78,60,60
Яков Бенедиктович Тетерин,2024,Целевое,8.4,334,Фармация,Брестская,80,78,92,61,78,64,75,73
Устинов Феликс Ермолаевич,2024,Платное,8.7,339,Информационные системы и технологии,Могилевская,76,58,56,65,72,91,85,62
Смирнова Юлия Евгеньевна,2021,Платное,6.5,340,Бухгалтерский учет,Могилевская,73,92,75,61,89,94,60,59
Сазонов Аскольд Чеславович,2025,Целевое,7.3,350,Психология,Минск,72,74,94,90,93,76,62,65
Ершов Касьян Артемьевич,2025,Платное,8.2,332,Менеджмент,Минск,67,95,78,58,71,65,77,70
Эмилия Макаровна Данилова,2025,Бюджет,7.7,338,Бухгалтерский учет,Минск,92,81,68,73,88,77,57,59
Колесников Давыд Феодосьевич,2024,Целевое,8.5,352,Искусственный интеллект,Гродненская,90,83,60,72,62,77,94,77
Власова Зоя Евгеньевна,2023,Платное,8.8,370,Искусственный интеллект,Минск,63,91,94,73,95,62,93,77
Тамара Кузьминична Аксенова,2024,Целевое,8.2,339,Стоматология,Гродненская,93,82,66,82,71,62,78,73
Юлиан Еремеевич Назаров,2021,Бюджет,8.3,328,Менеджмент,Минск,71,78,64,82,85,56,62,60
Ангелина Анатольевна Лобанова,2023,Бюджет,8.9,353,Финансы и кредит,Брестская,57,85,79,63,84,78,73,95
Игнатова Евгения Руслановна,2021,Целевое,7.3,305,Психология,Минск,65,57,76,78,72,78,61,76
Климент Валерьянович Беляев,2025,Целевое,6.8,335,Фармация,Минск,87,68,95,57,85,72,83,81
Нонна Леоновна Комарова,2025,Платное,6.9,345,Бухгалтерский учет,Гомельская,80,91,59,91,94,80,83,75
Степанов Лучезар Харлампьевич,2021,Бюджет,8.0,327,Финансы и кредит,Минск,91,73,59,70,60,78,62,78
Родион Герасимович Муравьев,2021,Платное,7.5,341,Финансы и кредит,Витебская,61,55,85,93,66,65,88,72
Пономарев Август Юльевич,2025,Бюджет,7.5,327,Психология,Гродненская,76,55,71,73,74,91,61,85
Козлова Кира Дмитриевна,2025,Бюджет,8.5,338,Психология,Минская,81,67,74,77,69,95,66,60
Савин Олег Гурьевич,2021,Целевое,8.9,335,Международные отношения,Гродненская,78,77,68,61,76,65,91,62
Белоусова Варвара Константиновна,2023,Платное,6.7,342,Стоматология,Минская,55,79,61,91,87,90,94,84
Русаков Тимофей Фокич,2021,Платное,6.5,324,Международные отношения,Гродненская,80,88,89,82,77,77,70,59
Мельникова София Владимировна,2024,Бюджет,8.4,348,Психология,Брестская,56,63,88,55,66,85,91,77
Устинова Иванна Кузьминична,2022,Бюджет,6.8,331,Психология,Минск,95,79,70,60,70,62,89,56
Агата Никифоровна Матвеева,2024,Целевое,7.9,329,Стоматология,Могилевская,78,59,84,71,80,84,73,82
Кира Натановна Блохина,2022,Бюджет,8.8,339,Искусственный интеллект,Гомельская,82,85,58,84,68,71,77,75
